ano,mes,tipo_despesa,valor_liquido,fornecedor,parlamentar_id
2026,9,Cota para exercício parlamentar (Câmara Municipal de Teresina),30000.0,,cmt-180002544099
2026,8,Cota para exercício parlamentar (Câmara Municipal de Teresina),24000.0,,cmt-180002544099
2026,7,Cota para exercício parlamentar (Câmara Municipal de Teresina),24000.0,,cmt-180002544099
2026,6,Cota para exercício parlamentar (Câmara Municipal de Teresina),25000.0,,cmt-180002544099
2026,5,Cota para exercício parlamentar (Câmara Municipal de Teresina),25000.0,,cmt-180002544099
2026,4,Cota para exercício parlamentar (Câmara Municipal de Teresina),25000.0,,cmt-180002544099
2026,3,Cota para exercício parlamentar (Câmara Municipal de Teresina),25000.0,,cmt-180002544099
2026,2,Cota para exercício parlamentar (Câmara Municipal de Teresina),25000.0,,cmt-180002544099
2025,12,Cota para exercício parlamentar (Câmara Municipal de Teresina),25000.0,,cmt-180002544099
2025,12,Cota para exercício parlamentar (Câmara Municipal de Teresina),25000.0,,cmt-180002544099
2025,11,Cota para exercício parlamentar (Câmara Municipal de Teresina),25000.0,,cmt-180002544099
2025,10,Cota para exercício parlamentar (Câmara Municipal de Teresina),25000.0,,cmt-180002544099
2025,9,Cota para exercício parlamentar (Câmara Municipal de Teresina),25000.0,,cmt-180002544099
2025,8,Cota para exercício parlamentar (Câmara Municipal de Teresina),25000.0,,cmt-180002544099
2025,7,Cota para exercício parlamentar (Câmara Municipal de Teresina),25000.0,,cmt-180002544099
2025,6,Cota para exercício parlamentar (Câmara Municipal de Teresina),25000.0,,cmt-180002544099
2025,5,Cota para exercício parlamentar (Câmara Municipal de Teresina),25000.0,,cmt-180002544099
2025,4,Cota para exercício parlamentar (Câmara Municipal de Teresina),25000.0,,cmt-180002544099
2025,3,Cota para exercício parlamentar (Câmara Municipal de Teresina),25000.0,,cmt-180002544099
2025,2,Cota para exercício parlamentar (Câmara Municipal de Teresina),25000.0,,cmt-180002544099
2026,9,Cota para exercício parlamentar (Câmara Municipal de Teresina),30000.0,,cmt-180002534810
2026,8,Cota para exercício parlamentar (Câmara Municipal de Teresina),25000.0,,cmt-180002534810
2026,7,Cota para exercício parlamentar (Câmara Municipal de Teresina),25000.0,,cmt-180002534810
2026,6,Cota para exercício parlamentar (Câmara Municipal de Teresina),25000.0,,cmt-180002534810
2026,5,Cota para exercício parlamentar (Câmara Municipal de Teresina),25000.0,,cmt-180002534810
2026,4,Cota para exercício parlamentar (Câmara Municipal de Teresina),25000.0,,cmt-180002534810
2026,3,Cota para exercício parlamentar (Câmara Municipal de Teresina),25000.0,,cmt-180002534810
2026,2,Cota para exercício parlamentar (Câmara Municipal de Teresina),25000.0,,cmt-180002534810
2025,12,Cota para exercício parlamentar (Câmara Municipal de Teresina),25000.0,,cmt-180002534810
2025,12,Cota para exercício parlamentar (Câmara Municipal de Teresina),25000.0,,cmt-180002534810
2025,11,Cota para exercício parlamentar (Câmara Municipal de Teresina),25000.0,,cmt-180002534810
2025,10,Cota para exercício parlamentar (Câmara Municipal de Teresina),25000.0,,cmt-180002534810
2025,9,Cota para exercício parlamentar (Câmara Municipal de Teresina),25000.0,,cmt-180002534810
2025,8,Cota para exercício parlamentar (Câmara Municipal de Teresina),25000.0,,cmt-180002534810
2025,7,Cota para exercício parlamentar (Câmara Municipal de Teresina),25000.0,,cmt-180002534810
2025,6,Cota para exercício parlamentar (Câmara Municipal de Teresina),25000.0,,cmt-180002534810
2025,5,Cota para exercício parlamentar (Câmara Municipal de Teresina),25000.0,,cmt-180002534810
2025,4,Cota para exercício parlamentar (Câmara Municipal de Teresina),25000.0,,cmt-180002534810
2025,3,Cota para exercício parlamentar (Câmara Municipal de Teresina),25000.0,,cmt-180002534810
2025,2,Cota para exercício parlamentar (Câmara Municipal de Teresina),25000.0,,cmt-180002534810
2026,9,Cota para exercício parlamentar (Câmara Municipal de Teresina),30000.0,,cmt-180002533563
2026,8,Cota para exercício parlamentar (Câmara Municipal de Teresina),25000.0,,cmt-180002533563
2026,7,Cota para exercício parlamentar (Câmara Municipal de Teresina),25000.0,,cmt-180002533563
2026,6,Cota para exercício parlamentar (Câmara Municipal de Teresina),25000.0,,cmt-180002533563
2026,5,Cota para exercício parlamentar (Câmara Municipal de Teresina),25000.0,,cmt-180002533563
2026,4,Cota para exercício parlamentar (Câmara Municipal de Teresina),25000.0,,cmt-180002533563
2026,3,Cota para exercício parlamentar (Câmara Municipal de Teresina),25000.0,,cmt-180002533563
2026,2,Cota para exercício parlamentar (Câmara Municipal de Teresina),25000.0,,cmt-180002533563
2025,12,Cota para exercício parlamentar (Câmara Municipal de Teresina),25000.0,,cmt-180002533563
2025,12,Cota para exercício parlamentar (Câmara Municipal de Teresina),25000.0,,cmt-180002533563
2025,11,Cota para exercício parlamentar (Câmara Municipal de Teresina),25000.0,,cmt-180002533563
2025,10,Cota para exercício parlamentar (Câmara Municipal de Teresina),25000.0,,cmt-180002533563
2025,9,Cota para exercício parlamentar (Câmara Municipal de Teresina),25000.0,,cmt-180002533563
2025,8,Cota para exercício parlamentar (Câmara Municipal de Teresina),25000.0,,cmt-180002533563
2025,7,Cota para exercício parlamentar (Câmara Municipal de Teresina),25000.0,,cmt-180002533563
2025,6,Cota para exercício parlamentar (Câmara Municipal de Teresina),25000.0,,cmt-180002533563
2025,5,Cota para exercício parlamentar (Câmara Municipal de Teresina),25000.0,,cmt-180002533563
2025,4,Cota para exercício parlamentar (Câmara Municipal de Teresina),25000.0,,cmt-180002533563
2025,3,Cota para exercício parlamentar (Câmara Municipal de Teresina),25000.0,,cmt-180002533563
2025,2,Cota para exercício parlamentar (Câmara Municipal de Teresina),25000.0,,cmt-180002533563
2024,12,Cota para exercício parlamentar (Câmara Municipal de Teresina),25000.0,,cmt-180002533563
2024,12,Cota para exercício parlamentar (Câmara Municipal de Teresina),25000.0,,cmt-180002533563
2024,11,Cota para exercício parlamentar (Câmara Municipal de Teresina),25000.0,,cmt-180002533563
2024,10,Cota para exercício parlamentar (Câmara Municipal de Teresina),25000.0,,cmt-180002533563
2024,9,Cota para exercício parlamentar (Câmara Municipal de Teresina),25000.0,,cmt-180002533563
2024,8,Cota para exercício parlamentar (Câmara Municipal de Teresina),25000.0,,cmt-180002533563
2024,7,Cota para exercício parlamentar (Câmara Municipal de Teresina),25000.0,,cmt-180002533563
2024,6,Cota para exercício parlamentar (Câmara Municipal de Teresina),25000.0,,cmt-180002533563
2024,5,Cota para exercício parlamentar (Câmara Municipal de Teresina),25000.0,,cmt-180002533563
2024,4,Cota para exercício parlamentar (Câmara Municipal de Teresina),25000.0,,cmt-180002533563
2024,3,Cota para exercício parlamentar (Câmara Municipal de Teresina),25000.0,,cmt-180002533563
2024,2,Cota para exercício parlamentar (Câmara Municipal de Teresina),25000.0,,cmt-180002533563
2023,12,Cota para exercício parlamentar (Câmara Municipal de Teresina),25000.0,,cmt-180002533563
2023,12,Cota para exercício parlamentar (Câmara Municipal de Teresina),25000.0,,cmt-180002533563
2023,11,Cota para exercício parlamentar (Câmara Municipal de Teresina),25000.0,,cmt-180002533563
2023,10,Cota para exercício parlamentar (Câmara Municipal de Teresina),25000.0,,cmt-180002533563
2023,9,Cota para exercício parlamentar (Câmara Municipal de Teresina),25000.0,,cmt-180002533563
2023,8,Cota para exercício parlamentar (Câmara Municipal de Teresina),25000.0,,cmt-180002533563
2023,7,Cota para exercício parlamentar (Câmara Municipal de Teresina),25000.0,,cmt-180002533563
2023,6,Cota para exercício parlamentar (Câmara Municipal de Teresina),25000.0,,cmt-180002533563
2023,5,Cota para exercício parlamentar (Câmara Municipal de Teresina),25000.0,,cmt-180002533563
2023,4,Cota para exercício parlamentar (Câmara Municipal de Teresina),25000.0,,cmt-180002533563
2023,3,Cota para exercício parlamentar (Câmara Municipal de Teresina),25000.0,,cmt-180002533563
2023,2,Cota para exercício parlamentar (Câmara Municipal de Teresina),25000.0,,cmt-180002533563
2022,12,Cota para exercício parlamentar (Câmara Municipal de Teresina),25000.0,,cmt-180002533563
2022,12,Cota para exercício parlamentar (Câmara Municipal de Teresina),25000.0,,cmt-180002533563
2022,11,Cota para exercício parlamentar (Câmara Municipal de Teresina),25000.0,,cmt-180002533563
2022,10,Cota para exercício parlamentar (Câmara Municipal de Teresina),25000.0,,cmt-180002533563
2022,9,Cota para exercício parlamentar (Câmara Municipal de Teresina),25000.0,,cmt-180002533563
2022,8,Cota para exercício parlamentar (Câmara Municipal de Teresina),25000.0,,cmt-180002533563
2022,7,Cota para exercício parlamentar (Câmara Municipal de Teresina),25000.0,,cmt-180002533563
2022,6,Cota para exercício parlamentar (Câmara Municipal de Teresina),25000.0,,cmt-180002533563
2022,5,Cota para exercício parlamentar (Câmara Municipal de Teresina),24460.0,,cmt-180002533563
2022,4,Cota para exercício parlamentar (Câmara Municipal de Teresina),18800.0,,cmt-180002533563
2022,3,Cota para exercício parlamentar (Câmara Municipal de Teresina),18800.0,,cmt-180002533563
2022,2,Cota para exercício parlamentar (Câmara Municipal de Teresina),18800.0,,cmt-180002533563
2021,12,Cota para exercício parlamentar (Câmara Municipal de Teresina),18800.0,,cmt-180002533563
2021,12,Cota para exercício parlamentar (Câmara Municipal de Teresina),18800.0,,cmt-180002533563
2021,11,Cota para exercício parlamentar (Câmara Municipal de Teresina),18800.0,,cmt-180002533563
2021,10,Cota para exercício parlamentar (Câmara Municipal de Teresina),18800.0,,cmt-180002533563
2021,9,Cota para exercício parlamentar (Câmara Municipal de Teresina),18800.0,,cmt-180002533563
2021,8,Cota para exercício parlamentar (Câmara Municipal de Teresina),18800.0,,cmt-180002533563
2021,7,Cota para exercício parlamentar (Câmara Municipal de Teresina),18800.0,,cmt-180002533563
2021,6,Cota para exercício parlamentar (Câmara Municipal de Teresina),18800.0,,cmt-180002533563
2021,5,Cota para exercício parlamentar (Câmara Municipal de Teresina),18750.0,,cmt-180002533563
2021,4,Cota para exercício parlamentar (Câmara Municipal de Teresina),18800.0,,cmt-180002533563
2021,3,Cota para exercício parlamentar (Câmara Municipal de Teresina),18800.0,,cmt-180002533563
2026,9,Cota para exercício parlamentar (Câmara Municipal de Teresina),30000.0,,cmt-180002533557
2026,8,Cota para exercício parlamentar (Câmara Municipal de Teresina),25000.0,,cmt-180002533557
2026,7,Cota para exercício parlamentar (Câmara Municipal de Teresina),25000.0,,cmt-180002533557
2026,6,Cota para exercício parlamentar (Câmara Municipal de Teresina),25000.0,,cmt-180002533557
2026,5,Cota para exercício parlamentar (Câmara Municipal de Teresina),25000.0,,cmt-180002533557
2026,4,Cota para exercício parlamentar (Câmara Municipal de Teresina),25000.0,,cmt-180002533557
2026,3,Cota para exercício parlamentar (Câmara Municipal de Teresina),25000.0,,cmt-180002533557
2026,2,Cota para exercício parlamentar (Câmara Municipal de Teresina),25000.0,,cmt-180002533557
2025,12,Cota para exercício parlamentar (Câmara Municipal de Teresina),25000.0,,cmt-180002533557
2025,12,Cota para exercício parlamentar (Câmara Municipal de Teresina),25000.0,,cmt-180002533557
2025,11,Cota para exercício parlamentar (Câmara Municipal de Teresina),25000.0,,cmt-180002533557
2025,10,Cota para exercício parlamentar (Câmara Municipal de Teresina),25000.0,,cmt-180002533557
2025,9,Cota para exercício parlamentar (Câmara Municipal de Teresina),25000.0,,cmt-180002533557
2025,8,Cota para exercício parlamentar (Câmara Municipal de Teresina),25000.0,,cmt-180002533557
2025,7,Cota para exercício parlamentar (Câmara Municipal de Teresina),25000.0,,cmt-180002533557
2025,6,Cota para exercício parlamentar (Câmara Municipal de Teresina),25000.0,,cmt-180002533557
2025,5,Cota para exercício parlamentar (Câmara Municipal de Teresina),25000.0,,cmt-180002533557
2025,4,Cota para exercício parlamentar (Câmara Municipal de Teresina),25000.0,,cmt-180002533557
2025,3,Cota para exercício parlamentar (Câmara Municipal de Teresina),25000.0,,cmt-180002533557
2025,2,Cota para exercício parlamentar (Câmara Municipal de Teresina),25000.0,,cmt-180002533557
2024,12,Cota para exercício parlamentar (Câmara Municipal de Teresina),25000.0,,cmt-180002533557
2024,12,Cota para exercício parlamentar (Câmara Municipal de Teresina),25000.0,,cmt-180002533557
2024,11,Cota para exercício parlamentar (Câmara Municipal de Teresina),25000.0,,cmt-180002533557
2024,10,Cota para exercício parlamentar (Câmara Municipal de Teresina),25000.0,,cmt-180002533557
2024,9,Cota para exercício parlamentar (Câmara Municipal de Teresina),25000.0,,cmt-180002533557
2024,8,Cota para exercício parlamentar (Câmara Municipal de Teresina),25000.0,,cmt-180002533557
2024,7,Cota para exercício parlamentar (Câmara Municipal de Teresina),25000.0,,cmt-180002533557
2024,6,Cota para exercício parlamentar (Câmara Municipal de Teresina),25000.0,,cmt-180002533557
2024,5,Cota para exercício parlamentar (Câmara Municipal de Teresina),20200.0,,cmt-180002533557
2024,4,Cota para exercício parlamentar (Câmara Municipal de Teresina),25000.0,,cmt-180002533557
2024,3,Cota para exercício parlamentar (Câmara Municipal de Teresina),25000.0,,cmt-180002533557
2024,2,Cota para exercício parlamentar (Câmara Municipal de Teresina),25000.0,,cmt-180002533557
2023,12,Cota para exercício parlamentar (Câmara Municipal de Teresina),25000.0,,cmt-180002533557
2023,12,Cota para exercício parlamentar (Câmara Municipal de Teresina),25000.0,,cmt-180002533557
2023,11,Cota para exercício parlamentar (Câmara Municipal de Teresina),25000.0,,cmt-180002533557
2023,10,Cota para exercício parlamentar (Câmara Municipal de Teresina),25000.0,,cmt-180002533557
2023,9,Cota para exercício parlamentar (Câmara Municipal de Teresina),25000.0,,cmt-180002533557
2023,8,Cota para exercício parlamentar (Câmara Municipal de Teresina),25000.0,,cmt-180002533557
2023,7,Cota para exercício parlamentar (Câmara Municipal de Teresina),25000.0,,cmt-180002533557
2023,6,Cota para exercício parlamentar (Câmara Municipal de Teresina),25000.0,,cmt-180002533557
2023,5,Cota para exercício parlamentar (Câmara Municipal de Teresina),25000.0,,cmt-180002533557
2023,4,Cota para exercício parlamentar (Câmara Municipal de Teresina),25000.0,,cmt-180002533557
2023,2,Cota para exercício parlamentar (Câmara Municipal de Teresina),25000.0,,cmt-180002533557
2022,12,Cota para exercício parlamentar (Câmara Municipal de Teresina),25000.0,,cmt-180002533557
2022,12,Cota para exercício parlamentar (Câmara Municipal de Teresina),25000.0,,cmt-180002533557
2022,11,Cota para exercício parlamentar (Câmara Municipal de Teresina),25000.0,,cmt-180002533557
2022,10,Cota para exercício parlamentar (Câmara Municipal de Teresina),25000.0,,cmt-180002533557
2022,9,Cota para exercício parlamentar (Câmara Municipal de Teresina),25000.0,,cmt-180002533557
2022,8,Cota para exercício parlamentar (Câmara Municipal de Teresina),25000.0,,cmt-180002533557
2022,7,Cota para exercício parlamentar (Câmara Municipal de Teresina),25000.0,,cmt-180002533557
2022,6,Cota para exercício parlamentar (Câmara Municipal de Teresina),25000.0,,cmt-180002533557
2022,5,Cota para exercício parlamentar (Câmara Municipal de Teresina),25000.0,,cmt-180002533557
2022,4,Cota para exercício parlamentar (Câmara Municipal de Teresina),18800.0,,cmt-180002533557
2022,3,Cota para exercício parlamentar (Câmara Municipal de Teresina),18800.0,,cmt-180002533557
2022,2,Cota para exercício parlamentar (Câmara Municipal de Teresina),18800.0,,cmt-180002533557
2021,12,Cota para exercício parlamentar (Câmara Municipal de Teresina),18800.0,,cmt-180002533557
2021,12,Cota para exercício parlamentar (Câmara Municipal de Teresina),18800.0,,cmt-180002533557
2021,11,Cota para exercício parlamentar (Câmara Municipal de Teresina),18800.0,,cmt-180002533557
2021,10,Cota para exercício parlamentar (Câmara Municipal de Teresina),18800.0,,cmt-180002533557
2021,9,Cota para exercício parlamentar (Câmara Municipal de Teresina),18800.0,,cmt-180002533557
2021,8,Cota para exercício parlamentar (Câmara Municipal de Teresina),18800.0,,cmt-180002533557
2021,7,Cota para exercício parlamentar (Câmara Municipal de Teresina),18800.0,,cmt-180002533557
2021,6,Cota para exercício parlamentar (Câmara Municipal de Teresina),18800.0,,cmt-180002533557
2021,5,Cota para exercício parlamentar (Câmara Municipal de Teresina),18800.0,,cmt-180002533557
2021,4,Cota para exercício parlamentar (Câmara Municipal de Teresina),18800.0,,cmt-180002533557
2021,3,Cota para exercício parlamentar (Câmara Municipal de Teresina),18800.0,,cmt-180002533557
2020,12,Cota para exercício parlamentar (Câmara Municipal de Teresina),18800.0,,cmt-180002533557
2020,12,Cota para exercício parlamentar (Câmara Municipal de Teresina),18800.0,,cmt-180002533557
2020,11,Cota para exercício parlamentar (Câmara Municipal de Teresina),18800.0,,cmt-180002533557
2020,10,Cota para exercício parlamentar (Câmara Municipal de Teresina),18800.0,,cmt-180002533557
2020,9,Cota para exercício parlamentar (Câmara Municipal de Teresina),18800.0,,cmt-180002533557
2020,8,Cota para exercício parlamentar (Câmara Municipal de Teresina),18800.0,,cmt-180002533557
2020,7,Cota para exercício parlamentar (Câmara Municipal de Teresina),18800.0,,cmt-180002533557
2020,6,Cota para exercício parlamentar (Câmara Municipal de Teresina),18800.0,,cmt-180002533557
2020,5,Cota para exercício parlamentar (Câmara Municipal de Teresina),18800.0,,cmt-180002533557
2020,4,Cota para exercício parlamentar (Câmara Municipal de Teresina),18800.0,,cmt-180002533557
2020,3,Cota para exercício parlamentar (Câmara Municipal de Teresina),18800.0,,cmt-180002533557
2020,2,Cota para exercício parlamentar (Câmara Municipal de Teresina),18800.0,,cmt-180002533557
2019,11,Cota para exercício parlamentar (Câmara Municipal de Teresina),18800.0,,cmt-180002533557
2019,9,Cota para exercício parlamentar (Câmara Municipal de Teresina),18800.0,,cmt-180002533557
2019,7,Cota para exercício parlamentar (Câmara Municipal de Teresina),18800.0,,cmt-180002533557
2019,6,Cota para exercício parlamentar (Câmara Municipal de Teresina),18800.0,,cmt-180002533557
2019,5,Cota para exercício parlamentar (Câmara Municipal de Teresina),18800.0,,cmt-180002533557
2019,4,Cota para exercício parlamentar (Câmara Municipal de Teresina),18800.0,,cmt-180002533557
2019,3,Cota para exercício parlamentar (Câmara Municipal de Teresina),18880.0,,cmt-180002533557
2019,2,Cota para exercício parlamentar (Câmara Municipal de Teresina),18800.0,,cmt-180002533557
2018,12,Cota para exercício parlamentar (Câmara Municipal de Teresina),18800.0,,cmt-180002533557
2018,12,Cota para exercício parlamentar (Câmara Municipal de Teresina),18800.0,,cmt-180002533557
2018,11,Cota para exercício parlamentar (Câmara Municipal de Teresina),18800.0,,cmt-180002533557
2018,10,Cota para exercício parlamentar (Câmara Municipal de Teresina),18800.0,,cmt-180002533557
2018,9,Cota para exercício parlamentar (Câmara Municipal de Teresina),18800.0,,cmt-180002533557
2018,8,Cota para exercício parlamentar (Câmara Municipal de Teresina),18800.0,,cmt-180002533557
2018,7,Cota para exercício parlamentar (Câmara Municipal de Teresina),18800.0,,cmt-180002533557
2018,6,Cota para exercício parlamentar (Câmara Municipal de Teresina),18800.0,,cmt-180002533557
2018,5,Cota para exercício parlamentar (Câmara Municipal de Teresina),18800.0,,cmt-180002533557
2018,4,Cota para exercício parlamentar (Câmara Municipal de Teresina),18800.0,,cmt-180002533557
2018,3,Cota para exercício parlamentar (Câmara Municipal de Teresina),18800.0,,cmt-180002533557
2018,2,Cota para exercício parlamentar (Câmara Municipal de Teresina),18800.0,,cmt-180002533557
2026,8,Cota para exercício parlamentar (Câmara Municipal de Teresina),25000.0,,cmt-180002539131
2026,7,Cota para exercício parlamentar (Câmara Municipal de Teresina),25000.0,,cmt-180002539131
2026,6,Cota para exercício parlamentar (Câmara Municipal de Teresina),25000.0,,cmt-180002539131
2026,5,Cota para exercício parlamentar (Câmara Municipal de Teresina),25000.0,,cmt-180002539131
2026,9,Cota para exercício parlamentar (Câmara Municipal de Teresina),30000.0,,cmt-180002539039
2026,8,Cota para exercício parlamentar (Câmara Municipal de Teresina),25000.0,,cmt-180002539039
2026,7,Cota para exercício parlamentar (Câmara Municipal de Teresina),25000.0,,cmt-180002539039
2026,6,Cota para exercício parlamentar (Câmara Municipal de Teresina),25000.0,,cmt-180002539039
2026,5,Cota para exercício parlamentar (Câmara Municipal de Teresina),25000.0,,cmt-180002539039
2026,4,Cota para exercício parlamentar (Câmara Municipal de Teresina),25000.0,,cmt-180002539039
2026,3,Cota para exercício parlamentar (Câmara Municipal de Teresina),25000.0,,cmt-180002539039
2026,2,Cota para exercício parlamentar (Câmara Municipal de Teresina),25000.0,,cmt-180002539039
2025,12,Cota para exercício parlamentar (Câmara Municipal de Teresina),25000.0,,cmt-180002539039
2025,12,Cota para exercício parlamentar (Câmara Municipal de Teresina),25000.0,,cmt-180002539039
2025,11,Cota para exercício parlamentar (Câmara Municipal de Teresina),15322.58,,cmt-180002539039
2025,8,Cota para exercício parlamentar (Câmara Municipal de Teresina),25000.0,,cmt-180002539039
2025,7,Cota para exercício parlamentar (Câmara Municipal de Teresina),25000.0,,cmt-180002539039
2025,6,Cota para exercício parlamentar (Câmara Municipal de Teresina),25000.0,,cmt-180002539039
2025,5,Cota para exercício parlamentar (Câmara Municipal de Teresina),25000.0,,cmt-180002539039
2025,4,Cota para exercício parlamentar (Câmara Municipal de Teresina),25000.0,,cmt-180002539039
2025,3,Cota para exercício parlamentar (Câmara Municipal de Teresina),25000.0,,cmt-180002539039
2025,2,Cota para exercício parlamentar (Câmara Municipal de Teresina),20161.28,,cmt-180002539039
2026,9,Cota para exercício parlamentar (Câmara Municipal de Teresina),19250.0,,cmt-180002539014
2026,8,Cota para exercício parlamentar (Câmara Municipal de Teresina),18750.0,,cmt-180002539014
2026,7,Cota para exercício parlamentar (Câmara Municipal de Teresina),18250.0,,cmt-180002539014
2026,6,Cota para exercício parlamentar (Câmara Municipal de Teresina),25000.0,,cmt-180002539014
2026,5,Cota para exercício parlamentar (Câmara Municipal de Teresina),25000.0,,cmt-180002539014
2026,4,Cota para exercício parlamentar (Câmara Municipal de Teresina),25000.0,,cmt-180002539014
2026,3,Cota para exercício parlamentar (Câmara Municipal de Teresina),25000.0,,cmt-180002539014
2026,2,Cota para exercício parlamentar (Câmara Municipal de Teresina),25000.0,,cmt-180002539014
2025,12,Cota para exercício parlamentar (Câmara Municipal de Teresina),25000.0,,cmt-180002539014
2025,12,Cota para exercício parlamentar (Câmara Municipal de Teresina),25000.0,,cmt-180002539014
2025,11,Cota para exercício parlamentar (Câmara Municipal de Teresina),25000.0,,cmt-180002539014
2025,10,Cota para exercício parlamentar (Câmara Municipal de Teresina),25000.0,,cmt-180002539014
2025,9,Cota para exercício parlamentar (Câmara Municipal de Teresina),25000.0,,cmt-180002539014
2025,8,Cota para exercício parlamentar (Câmara Municipal de Teresina),25000.0,,cmt-180002539014
2025,7,Cota para exercício parlamentar (Câmara Municipal de Teresina),24750.0,,cmt-180002539014
2025,6,Cota para exercício parlamentar (Câmara Municipal de Teresina),25000.0,,cmt-180002539014
2025,5,Cota para exercício parlamentar (Câmara Municipal de Teresina),25000.0,,cmt-180002539014
2025,4,Cota para exercício parlamentar (Câmara Municipal de Teresina),25000.0,,cmt-180002539014
2025,3,Cota para exercício parlamentar (Câmara Municipal de Teresina),25000.0,,cmt-180002539014
2025,2,Cota para exercício parlamentar (Câmara Municipal de Teresina),25000.0,,cmt-180002539014
2026,9,Cota para exercício parlamentar (Câmara Municipal de Teresina),30000.0,,cmt-180002539134
2026,8,Cota para exercício parlamentar (Câmara Municipal de Teresina),25000.0,,cmt-180002539134
2026,7,Cota para exercício parlamentar (Câmara Municipal de Teresina),25000.0,,cmt-180002539134
2026,6,Cota para exercício parlamentar (Câmara Municipal de Teresina),25000.0,,cmt-180002539134
2026,5,Cota para exercício parlamentar (Câmara Municipal de Teresina),25000.0,,cmt-180002539134
2026,4,Cota para exercício parlamentar (Câmara Municipal de Teresina),25000.0,,cmt-180002539134
2026,3,Cota para exercício parlamentar (Câmara Municipal de Teresina),25000.0,,cmt-180002539134
2026,2,Cota para exercício parlamentar (Câmara Municipal de Teresina),25000.0,,cmt-180002539134
2025,12,Cota para exercício parlamentar (Câmara Municipal de Teresina),25000.0,,cmt-180002539134
2025,12,Cota para exercício parlamentar (Câmara Municipal de Teresina),25000.0,,cmt-180002539134
2025,8,Cota para exercício parlamentar (Câmara Municipal de Teresina),25000.0,,cmt-180002539134
2025,7,Cota para exercício parlamentar (Câmara Municipal de Teresina),25000.0,,cmt-180002539134
2025,6,Cota para exercício parlamentar (Câmara Municipal de Teresina),25000.0,,cmt-180002539134
2025,5,Cota para exercício parlamentar (Câmara Municipal de Teresina),25000.0,,cmt-180002539134
2025,4,Cota para exercício parlamentar (Câmara Municipal de Teresina),25000.0,,cmt-180002539134
2025,3,Cota para exercício parlamentar (Câmara Municipal de Teresina),25000.0,,cmt-180002539134
2025,2,Cota para exercício parlamentar (Câmara Municipal de Teresina),20161.25,,cmt-180002539134
2026,9,Cota para exercício parlamentar (Câmara Municipal de Teresina),29700.0,,cmt-180002536459
2026,8,Cota para exercício parlamentar (Câmara Municipal de Teresina),24700.0,,cmt-180002536459
2026,7,Cota para exercício parlamentar (Câmara Municipal de Teresina),24700.0,,cmt-180002536459
2026,6,Cota para exercício parlamentar (Câmara Municipal de Teresina),24700.0,,cmt-180002536459
2026,5,Cota para exercício parlamentar (Câmara Municipal de Teresina),24700.0,,cmt-180002536459
2026,4,Cota para exercício parlamentar (Câmara Municipal de Teresina),24700.0,,cmt-180002536459
2026,3,Cota para exercício parlamentar (Câmara Municipal de Teresina),24700.0,,cmt-180002536459
2026,2,Cota para exercício parlamentar (Câmara Municipal de Teresina),24700.0,,cmt-180002536459
2025,12,Cota para exercício parlamentar (Câmara Municipal de Teresina),24700.0,,cmt-180002536459
2025,12,Cota para exercício parlamentar (Câmara Municipal de Teresina),24700.0,,cmt-180002536459
2025,11,Cota para exercício parlamentar (Câmara Municipal de Teresina),24700.0,,cmt-180002536459
2025,10,Cota para exercício parlamentar (Câmara Municipal de Teresina),24700.0,,cmt-180002536459
2025,9,Cota para exercício parlamentar (Câmara Municipal de Teresina),24700.0,,cmt-180002536459
2025,8,Cota para exercício parlamentar (Câmara Municipal de Teresina),24700.0,,cmt-180002536459
2025,7,Cota para exercício parlamentar (Câmara Municipal de Teresina),24700.0,,cmt-180002536459
2025,6,Cota para exercício parlamentar (Câmara Municipal de Teresina),24700.0,,cmt-180002536459
2025,5,Cota para exercício parlamentar (Câmara Municipal de Teresina),24700.0,,cmt-180002536459
2025,4,Cota para exercício parlamentar (Câmara Municipal de Teresina),24700.0,,cmt-180002536459
2025,3,Cota para exercício parlamentar (Câmara Municipal de Teresina),24700.0,,cmt-180002536459
2025,2,Cota para exercício parlamentar (Câmara Municipal de Teresina),24700.0,,cmt-180002536459
2024,12,Cota para exercício parlamentar (Câmara Municipal de Teresina),24700.0,,cmt-180002536459
2024,12,Cota para exercício parlamentar (Câmara Municipal de Teresina),24700.0,,cmt-180002536459
2024,11,Cota para exercício parlamentar (Câmara Municipal de Teresina),24700.0,,cmt-180002536459
2024,10,Cota para exercício parlamentar (Câmara Municipal de Teresina),24700.0,,cmt-180002536459
2024,9,Cota para exercício parlamentar (Câmara Municipal de Teresina),24700.0,,cmt-180002536459
2024,8,Cota para exercício parlamentar (Câmara Municipal de Teresina),24700.0,,cmt-180002536459
2024,7,Cota para exercício parlamentar (Câmara Municipal de Teresina),24700.0,,cmt-180002536459
2024,6,Cota para exercício parlamentar (Câmara Municipal de Teresina),24700.0,,cmt-180002536459
2024,5,Cota para exercício parlamentar (Câmara Municipal de Teresina),24700.0,,cmt-180002536459
2024,4,Cota para exercício parlamentar (Câmara Municipal de Teresina),24700.0,,cmt-180002536459
2024,3,Cota para exercício parlamentar (Câmara Municipal de Teresina),24700.0,,cmt-180002536459
2024,2,Cota para exercício parlamentar (Câmara Municipal de Teresina),24700.0,,cmt-180002536459
2023,12,Cota para exercício parlamentar (Câmara Municipal de Teresina),24700.0,,cmt-180002536459
2023,12,Cota para exercício parlamentar (Câmara Municipal de Teresina),24700.0,,cmt-180002536459
2023,11,Cota para exercício parlamentar (Câmara Municipal de Teresina),24700.0,,cmt-180002536459
2023,10,Cota para exercício parlamentar (Câmara Municipal de Teresina),24700.0,,cmt-180002536459
2023,9,Cota para exercício parlamentar (Câmara Municipal de Teresina),24700.0,,cmt-180002536459
2023,8,Cota para exercício parlamentar (Câmara Municipal de Teresina),24700.0,,cmt-180002536459
2023,7,Cota para exercício parlamentar (Câmara Municipal de Teresina),24700.0,,cmt-180002536459
2023,6,Cota para exercício parlamentar (Câmara Municipal de Teresina),24700.0,,cmt-180002536459
2023,5,Cota para exercício parlamentar (Câmara Municipal de Teresina),24700.0,,cmt-180002536459
2023,4,Cota para exercício parlamentar (Câmara Municipal de Teresina),24700.0,,cmt-180002536459
2023,3,Cota para exercício parlamentar (Câmara Municipal de Teresina),24700.0,,cmt-180002536459
2023,2,Cota para exercício parlamentar (Câmara Municipal de Teresina),24700.0,,cmt-180002536459
2022,12,Cota para exercício parlamentar (Câmara Municipal de Teresina),24700.0,,cmt-180002536459
2022,12,Cota para exercício parlamentar (Câmara Municipal de Teresina),24700.0,,cmt-180002536459
2022,11,Cota para exercício parlamentar (Câmara Municipal de Teresina),24700.0,,cmt-180002536459
2022,10,Cota para exercício parlamentar (Câmara Municipal de Teresina),24700.0,,cmt-180002536459
2022,9,Cota para exercício parlamentar (Câmara Municipal de Teresina),24700.0,,cmt-180002536459
2022,8,Cota para exercício parlamentar (Câmara Municipal de Teresina),24700.0,,cmt-180002536459
2022,7,Cota para exercício parlamentar (Câmara Municipal de Teresina),24500.0,,cmt-180002536459
2022,6,Cota para exercício parlamentar (Câmara Municipal de Teresina),24500.0,,cmt-180002536459
2022,5,Cota para exercício parlamentar (Câmara Municipal de Teresina),24500.0,,cmt-180002536459
2022,4,Cota para exercício parlamentar (Câmara Municipal de Teresina),18500.0,,cmt-180002536459
2022,3,Cota para exercício parlamentar (Câmara Municipal de Teresina),18500.0,,cmt-180002536459
2022,2,Cota para exercício parlamentar (Câmara Municipal de Teresina),18500.0,,cmt-180002536459
2021,12,Cota para exercício parlamentar (Câmara Municipal de Teresina),18500.0,,cmt-180002536459
2021,12,Cota para exercício parlamentar (Câmara Municipal de Teresina),18500.0,,cmt-180002536459
2021,11,Cota para exercício parlamentar (Câmara Municipal de Teresina),18500.0,,cmt-180002536459
2021,10,Cota para exercício parlamentar (Câmara Municipal de Teresina),18500.0,,cmt-180002536459
2021,9,Cota para exercício parlamentar (Câmara Municipal de Teresina),18500.0,,cmt-180002536459
2021,8,Cota para exercício parlamentar (Câmara Municipal de Teresina),18500.0,,cmt-180002536459
2021,7,Cota para exercício parlamentar (Câmara Municipal de Teresina),18500.0,,cmt-180002536459
2021,6,Cota para exercício parlamentar (Câmara Municipal de Teresina),18500.0,,cmt-180002536459
2021,5,Cota para exercício parlamentar (Câmara Municipal de Teresina),18500.0,,cmt-180002536459
2021,4,Cota para exercício parlamentar (Câmara Municipal de Teresina),18500.0,,cmt-180002536459
2021,3,Cota para exercício parlamentar (Câmara Municipal de Teresina),18500.0,,cmt-180002536459
2020,12,Cota para exercício parlamentar (Câmara Municipal de Teresina),18500.0,,cmt-180002536459
2020,11,Cota para exercício parlamentar (Câmara Municipal de Teresina),18500.0,,cmt-180002536459
2020,10,Cota para exercício parlamentar (Câmara Municipal de Teresina),18500.0,,cmt-180002536459
2020,9,Cota para exercício parlamentar (Câmara Municipal de Teresina),18500.0,,cmt-180002536459
2020,8,Cota para exercício parlamentar (Câmara Municipal de Teresina),18500.0,,cmt-180002536459
2020,7,Cota para exercício parlamentar (Câmara Municipal de Teresina),18500.0,,cmt-180002536459
2020,6,Cota para exercício parlamentar (Câmara Municipal de Teresina),18500.0,,cmt-180002536459
2020,5,Cota para exercício parlamentar (Câmara Municipal de Teresina),18500.0,,cmt-180002536459
2018,5,Cota para exercício parlamentar (Câmara Municipal de Teresina),18800.0,,cmt-180002536459
2018,4,Cota para exercício parlamentar (Câmara Municipal de Teresina),18800.0,,cmt-180002536459
2018,3,Cota para exercício parlamentar (Câmara Municipal de Teresina),18800.0,,cmt-180002536459
2018,2,Cota para exercício parlamentar (Câmara Municipal de Teresina),18800.0,,cmt-180002536459
