parlamentar_id,parlamentar_nome,ano,numero_emenda,tipo,funcao,valor_empenhado,valor_pago,municipio_beneficiario
123086,Átila Lira,2023,0004,Emenda Individual - Transferências com Finalidade Definida,Agricultura,"491.755,65","21.955,74",PIAUÍ (UF)
123086,Átila Lira,2023,0003,Emenda Individual - Transferências com Finalidade Definida,Saúde,"1.099.900,00","25.900,00",BATALHA - PI
123086,Átila Lira,2023,0002,Emenda Individual - Transferências com Finalidade Definida,Saúde,"3.003.000,00","0,00",PARNAÍBA - PI
123086,Átila Lira,2023,0001,Emenda Individual - Transferências com Finalidade Definida,Saúde,"11.949.598,00","11.949.598,00",MÚLTIPLO
123086,Átila Lira,2023,0005,Emenda Individual - Transferências Especiais,Encargos especiais,"15.558.949,00","15.558.949,00",MÚLTIPLO
123086,Átila Lira,2024,0003,Emenda Individual - Transferências com Finalidade Definida,Assistência social,"10,00","10,00",PIRIPIRI - PI
123086,Átila Lira,2024,0005,Emenda Individual - Transferências com Finalidade Definida,Educação,"199.724,00","0,00",PIAUÍ (UF)
123086,Átila Lira,2024,0006,Emenda Individual - Transferências com Finalidade Definida,Segurança pública,"35,00","348.600,00",Nacional
123086,Átila Lira,2024,0004,Emenda Individual - Transferências com Finalidade Definida,Educação,"699.728,07","0,00",PIAUÍ (UF)
123086,Átila Lira,2024,0002,Emenda Individual - Transferências Especiais,Encargos especiais,"17.585.585,00","17.585.585,00",MÚLTIPLO
123086,Átila Lira,2024,0001,Emenda Individual - Transferências com Finalidade Definida,Saúde,"18.936.000,00","18.936.000,00",MÚLTIPLO
123086,Átila Lira,2025,0003,Emenda Individual - Transferências com Finalidade Definida,Segurança pública,"195.595,33","195.595,33",Nacional
123086,Átila Lira,2025,0001,Emenda Individual - Transferências com Finalidade Definida,Segurança pública,"199.996,43","47.960,00",Nacional
123086,Átila Lira,2025,0006,Emenda Individual - Transferências com Finalidade Definida,Agricultura,"411.597,49","36.800,82",PIAUÍ (UF)
123086,Átila Lira,2025,0002,Emenda Individual - Transferências com Finalidade Definida,Educação,"799.978,81","23.708,81",PIAUÍ (UF)
123086,Átila Lira,2025,0005,Emenda Individual - Transferências Especiais,Encargos especiais,"16.975.984,15","16.806.225,15",MÚLTIPLO
123086,Átila Lira,2025,0004,Emenda Individual - Transferências com Finalidade Definida,Saúde,"26.553.000,00","22.800.000,00",MÚLTIPLO
220699,Castro Neto,2024,0003,Emenda Individual - Transferências com Finalidade Definida,Gestão ambiental,"100.000,00","100.000,00",PIAUÍ (UF)
220699,Castro Neto,2024,0002,Emenda Individual - Transferências Especiais,Encargos especiais,"18.835.792,00","18.835.792,00",MÚLTIPLO
220699,Castro Neto,2024,0001,Emenda Individual - Transferências com Finalidade Definida,Saúde,"18.935.793,00","18.935.793,00",MÚLTIPLO
220699,Castro Neto,2025,0005,Emenda Individual - Transferências com Finalidade Definida,Defesa nacional,"196.571,38","7.575,24",Nacional
220699,Castro Neto,2025,0007,Emenda Individual - Transferências com Finalidade Definida,Segurança pública,"197.052,35","197.052,35",Nacional
220699,Castro Neto,2025,0006,Emenda Individual - Transferências com Finalidade Definida,Segurança pública,"199.994,28","0,00",Nacional
220699,Castro Neto,2025,0004,Emenda Individual - Transferências com Finalidade Definida,Organização agrária,"50,00","0,00",PIAUÍ (UF)
220699,Castro Neto,2025,0003,Emenda Individual - Transferências com Finalidade Definida,Assistência social,"50,00","50,00",TERESINA - PI
220699,Castro Neto,2025,0002,Emenda Individual - Transferências Especiais,Encargos especiais,"1.500,00","1.485,00",MÚLTIPLO
220699,Castro Neto,2025,0001,Emenda Individual - Transferências com Finalidade Definida,Saúde,"29.397.652,00","22.575.985,00",MÚLTIPLO
220688,Dr. Francisco,2024,0012,Emenda Individual - Transferências com Finalidade Definida,Saúde,"199.821,00","199.821,00",MIGUEL ALVES - PI
220688,Dr. Francisco,2024,0013,Emenda Individual - Transferências com Finalidade Definida,Segurança pública,"20,00","20,00",Nacional
220688,Dr. Francisco,2024,0015,Emenda Individual - Transferências com Finalidade Definida,Segurança pública,"20,00","0,00",Nacional
220688,Dr. Francisco,2024,0014,Emenda Individual - Transferências com Finalidade Definida,Administração,"20,00","20,00",Nacional
220688,Dr. Francisco,2024,0011,Emenda Individual - Transferências com Finalidade Definida,Desporto e lazer,"30,00","0,00",PIAUÍ (UF)
220688,Dr. Francisco,2024,0010,Emenda Individual - Transferências com Finalidade Definida,Saúde,"344.515,00","344.515,00",RIBEIRA DO PIAUÍ - PI
220688,Dr. Francisco,2024,0009,Emenda Individual - Transferências com Finalidade Definida,Organização agrária,"40,00","0,00",Nacional
220688,Dr. Francisco,2024,0008,Emenda Individual - Transferências com Finalidade Definida,Agricultura,"498.243,12","340.450,94",Nacional
220688,Dr. Francisco,2024,0007,Emenda Individual - Transferências com Finalidade Definida,Saúde,"3.871.585,00","3.871.585,00",MÚLTIPLO
220688,Dr. Francisco,2024,0006,Emenda Individual - Transferências com Finalidade Definida,Saúde,"420,00","420,00",MÚLTIPLO
220688,Dr. Francisco,2024,0005,Emenda Individual - Transferências com Finalidade Definida,Saúde,"445,00","445,00",MÚLTIPLO
220688,Dr. Francisco,2024,0004,Emenda Individual - Transferências Especiais,Encargos especiais,"500,00","500,00",MÚLTIPLO
220688,Dr. Francisco,2024,0003,Emenda Individual - Transferências Especiais,Encargos especiais,"550,00","550,00",MÚLTIPLO
220688,Dr. Francisco,2024,0002,Emenda Individual - Transferências com Finalidade Definida,Saúde,"600,00","600,00",MÚLTIPLO
220688,Dr. Francisco,2024,0001,Emenda Individual - Transferências Especiais,Encargos especiais,"650,00","650,00",PIAUÍ (UF)
220688,Dr. Francisco,2025,0018,Emenda Individual - Transferências com Finalidade Definida,Defesa nacional,"195.373,16","163.522,44",TERESINA - PI
220688,Dr. Francisco,2025,0017,Emenda Individual - Transferências com Finalidade Definida,Desporto e lazer,"199.998,72","0,00",PIAUÍ (UF)
220688,Dr. Francisco,2025,0006,Emenda Individual - Transferências com Finalidade Definida,Saúde,"200.000,00","0,00",Nacional
220688,Dr. Francisco,2025,0016,Emenda Individual - Transferências com Finalidade Definida,Segurança pública,"249.997,84","0,00",Nacional
220688,Dr. Francisco,2025,0005,Emenda Individual - Transferências com Finalidade Definida,Saúde,"300.000,00","0,00",Nacional
220688,Dr. Francisco,2025,0015,Emenda Individual - Transferências com Finalidade Definida,Segurança pública,"349.778,22","0,00",PIAUÍ (UF)
220688,Dr. Francisco,2025,0014,Emenda Individual - Transferências com Finalidade Definida,Direitos da cidadania,"400.000,00","0,00",PIAUÍ (UF)
220688,Dr. Francisco,2025,0012,Emenda Individual - Transferências com Finalidade Definida,Agricultura,"500.000,00","0,00",Nacional
220688,Dr. Francisco,2025,0013,Emenda Individual - Transferências com Finalidade Definida,Agricultura,"516.374,52","108.343,33",Nacional
220688,Dr. Francisco,2025,0004,Emenda Individual - Transferências com Finalidade Definida,Saúde,"897.762,00","897.762,00",MÚLTIPLO
220688,Dr. Francisco,2025,0009,Emenda Individual - Transferências com Finalidade Definida,Educação,"999.860,00","0,00",PIAUÍ (UF)
220688,Dr. Francisco,2025,0003,Emenda Individual - Transferências com Finalidade Definida,Saúde,"999.997,50","0,00",Nacional
220688,Dr. Francisco,2025,0011,Emenda Individual - Transferências com Finalidade Definida,Comércio e serviços,"1.000.000,00","1.000.000,00",IPIRANGA DO PIAUÍ - PI
220688,Dr. Francisco,2025,0008,Emenda Individual - Transferências com Finalidade Definida,Assistência social,"2.250.000,00","2.250.000,00",MÚLTIPLO
220688,Dr. Francisco,2025,0002,Emenda Individual - Transferências com Finalidade Definida,Saúde,"4.500.000,00","4.500.000,00",MÚLTIPLO
220688,Dr. Francisco,2025,0007,Emenda Individual - Transferências Especiais,Encargos especiais,"1.065,00","10.543.500,00",MÚLTIPLO
220688,Dr. Francisco,2025,0001,Emenda Individual - Transferências com Finalidade Definida,Saúde,"18.995.985,00","14.575.985,00",MÚLTIPLO
191923,Flávio Nogueira,2023,0003,Emenda Individual - Transferências com Finalidade Definida,Saúde,"2.000.000,00","2.000.000,00",PARNAÍBA - PI
191923,Flávio Nogueira,2023,0004,Emenda Individual - Transferências com Finalidade Definida,Saúde,"2.000.000,00","2.000.000,00",PARNAÍBA - PI
191923,Flávio Nogueira,2023,0002,Emenda Individual - Transferências com Finalidade Definida,Saúde,"12.951.753,00","12.951.753,00",MÚLTIPLO
191923,Flávio Nogueira,2023,0001,Emenda Individual - Transferências Especiais,Encargos especiais,"15.151.646,00","15.151.646,00",MÚLTIPLO
191923,Flávio Nogueira,2024,0001,Emenda Individual - Transferências com Finalidade Definida,Saúde,"5.680.737,00","5.680.737,00",MÚLTIPLO
191923,Flávio Nogueira,2024,0002,Emenda Individual - Transferências com Finalidade Definida,Saúde,"13.255.056,00","13.255.056,00",MÚLTIPLO
191923,Flávio Nogueira,2024,0003,Emenda Individual - Transferências Especiais,Encargos especiais,"18.935.792,00","18.935.792,00",MÚLTIPLO
191923,Flávio Nogueira,2025,0006,Emenda Individual - Transferências com Finalidade Definida,Segurança pública,"350.000,00","0,00",PIAUÍ (UF)
191923,Flávio Nogueira,2025,0003,Emenda Individual - Transferências com Finalidade Definida,Segurança pública,"499.997,53","0,00",Nacional
191923,Flávio Nogueira,2025,0002,Emenda Individual - Transferências com Finalidade Definida,Defesa nacional,"686.401,06","349.434,00",TERESINA - PI
191923,Flávio Nogueira,2025,0001,Emenda Individual - Transferências com Finalidade Definida,Saúde,"8.591.398,00","5.591.398,00",MÚLTIPLO
191923,Flávio Nogueira,2025,0005,Emenda Individual - Transferências Especiais,Encargos especiais,"17.437.988,00","17.263.612,08",MÚLTIPLO
191923,Flávio Nogueira,2025,0004,Emenda Individual - Transferências com Finalidade Definida,Saúde,"22.593.190,00","15.093.190,00",MÚLTIPLO
220700,Florentino Neto,2024,0009,Emenda Individual - Transferências com Finalidade Definida,Organização agrária,"350.000,00","0,00",Nacional
220700,Florentino Neto,2024,0006,Emenda Individual - Transferências com Finalidade Definida,Saúde,"399.177,00","130.819,00",LUZILÂNDIA - PI
220700,Florentino Neto,2024,0005,Emenda Individual - Transferências com Finalidade Definida,Segurança pública,"399.250,29","0,00",Nacional
220700,Florentino Neto,2024,0001,Emenda Individual - Transferências com Finalidade Definida,Previdência social,"400.000,00","400.000,00",Nacional
220700,Florentino Neto,2024,0004,Emenda Individual - Transferências com Finalidade Definida,Segurança pública,"400.000,00","348.600,00",Nacional
220700,Florentino Neto,2024,0008,Emenda Individual - Transferências com Finalidade Definida,Saúde,"535.783,00","535.783,00",CARAÚBAS DO PIAUÍ - PI
220700,Florentino Neto,2024,0011,Emenda Individual - Transferências Especiais,Encargos especiais,"2.215.737,00","2.215.737,00",MÚLTIPLO
220700,Florentino Neto,2024,0013,Emenda Individual - Transferências Especiais,Encargos especiais,"3.000.000,00","3.000.000,00",MÚLTIPLO
220700,Florentino Neto,2024,0010,Emenda Individual - Transferências com Finalidade Definida,Saúde,"4.000.000,00","4.000.000,00",PIAUÍ (UF)
220700,Florentino Neto,2024,0015,Emenda Individual - Transferências Especiais,Encargos especiais,"4.000.000,00","4.000.000,00",PIAUÍ (UF)
220700,Florentino Neto,2024,0014,Emenda Individual - Transferências Especiais,Encargos especiais,"4.000.000,00","4.000.000,00",MÚLTIPLO
220700,Florentino Neto,2024,0012,Emenda Individual - Transferências com Finalidade Definida,Saúde,"4.000.000,00","4.000.000,00",MÚLTIPLO
220700,Florentino Neto,2024,0003,Emenda Individual - Transferências Especiais,Encargos especiais,"4.170.055,00","4.170.055,00",MÚLTIPLO
220700,Florentino Neto,2024,0007,Emenda Individual - Transferências com Finalidade Definida,Saúde,"5.000.000,00","5.000.000,00",MÚLTIPLO
220700,Florentino Neto,2024,0002,Emenda Individual - Transferências com Finalidade Definida,Saúde,"5.000.000,00","5.000.000,00",MÚLTIPLO
220700,Florentino Neto,2025,0001,Emenda Individual - Transferências com Finalidade Definida,Segurança pública,"500.000,00","144.955,62",PIAUÍ (UF)
220700,Florentino Neto,2025,0003,Emenda Individual - Transferências com Finalidade Definida,Saúde,"2.482.490,00","2.482.490,00",PIRACURUCA - PI
220700,Florentino Neto,2025,0005,Emenda Individual - Transferências Especiais,Encargos especiais,"4.000.000,00","3.960.000,00",MÚLTIPLO
220700,Florentino Neto,2025,0006,Emenda Individual - Transferências com Finalidade Definida,Saúde,"13.000.000,00","7.700.000,00",MÚLTIPLO
220700,Florentino Neto,2025,0004,Emenda Individual - Transferências com Finalidade Definida,Saúde,"13.438.985,00","8.438.985,00",MÚLTIPLO
220700,Florentino Neto,2025,0002,Emenda Individual - Transferências Especiais,Encargos especiais,"14.137.000,00","13.995.630,00",MÚLTIPLO
220697,Jadyel Alencar,2024,0004,Emenda Individual - Transferências com Finalidade Definida,Segurança pública,"35,00","348.600,00",Nacional
220697,Jadyel Alencar,2024,0003,Emenda Individual - Transferências Especiais,Encargos especiais,"210,00","210,00",PIAUÍ (UF)
220697,Jadyel Alencar,2024,0002,Emenda Individual - Transferências com Finalidade Definida,Saúde,"880,00","880,00",MÚLTIPLO
220697,Jadyel Alencar,2024,0001,Emenda Individual - Transferências Especiais,Encargos especiais,"11.585.792,00","11.585.792,00",MÚLTIPLO
220697,Jadyel Alencar,2024,0005,Emenda Individual - Transferências com Finalidade Definida,Saúde,"15.035.793,00","10.135.793,00",MÚLTIPLO
220697,Jadyel Alencar,2025,0003,Emenda Individual - Transferências com Finalidade Definida,Segurança pública,"499.998,49","0,00",Nacional
220697,Jadyel Alencar,2025,0002,Emenda Individual - Transferências com Finalidade Definida,Segurança pública,"1.499.834,34","0,00",PIAUÍ (UF)
220697,Jadyel Alencar,2025,0005,Emenda Individual - Transferências Especiais,Encargos especiais,"200,00","198,00",MÚLTIPLO
220697,Jadyel Alencar,2025,0001,Emenda Individual - Transferências com Finalidade Definida,Agricultura,"300,00","0,00",PIAUÍ (UF)
220697,Jadyel Alencar,2025,0006,Emenda Individual - Transferências com Finalidade Definida,Assistência social,"500,00","500,00",MÚLTIPLO
220697,Jadyel Alencar,2025,0007,Emenda Individual - Transferências Especiais,Encargos especiais,"6.637.991,08","6.571.612,08",MÚLTIPLO
220697,Jadyel Alencar,2025,0004,Emenda Individual - Transferências com Finalidade Definida,Saúde,"34.237.993,00","19.437.993,00",MÚLTIPLO
66385,Julio Arcoverde,2024,0003,Emenda Individual - Transferências com Finalidade Definida,Assistência social,"10,00","10,00",PIAUÍ (UF)
66385,Julio Arcoverde,2024,0002,Emenda Individual - Transferências com Finalidade Definida,Saúde,"15,00","15,00",TERESINA - PI
66385,Julio Arcoverde,2024,0004,Emenda Individual - Transferências com Finalidade Definida,Segurança pública,"35,00","348.600,00",PIAUÍ (UF)
66385,Julio Arcoverde,2024,0001,Emenda Individual - Transferências Especiais,Encargos especiais,"18.485.792,00","18.485.792,00",MÚLTIPLO
66385,Julio Arcoverde,2024,0005,Emenda Individual - Transferências com Finalidade Definida,Saúde,"18.785.793,00","18.785.793,00",MÚLTIPLO
66385,Julio Arcoverde,2025,0001,Emenda Individual - Transferências com Finalidade Definida,Assistência social,"100.000,00","100.000,00",TERESINA - PI
66385,Julio Arcoverde,2025,0005,Emenda Individual - Transferências com Finalidade Definida,Segurança pública,"400.000,00","0,00",PIAUÍ (UF)
66385,Julio Arcoverde,2025,0003,Emenda Individual - Transferências com Finalidade Definida,Saúde,"6.591.439,00","5.591.439,00",MÚLTIPLO
66385,Julio Arcoverde,2025,0002,Emenda Individual - Transferências Especiais,Encargos especiais,"18.137.991,08","17.956.612,08",MÚLTIPLO
66385,Julio Arcoverde,2025,0004,Emenda Individual - Transferências com Finalidade Definida,Saúde,"21.243.108,00","15.583.108,00",MÚLTIPLO
74317,Júlio Cesar,2023,0005,Emenda Individual - Transferências com Finalidade Definida,Defesa nacional,"81.458,20","71.958,20",Nacional
74317,Júlio Cesar,2023,0009,Emenda Individual - Transferências com Finalidade Definida,Segurança pública,"162.816,00","0,00",PIAUÍ (UF)
74317,Júlio Cesar,2023,0001,Emenda Individual - Transferências com Finalidade Definida,Segurança pública,"162.850,00","0,00",PIAUÍ (UF)
74317,Júlio Cesar,2023,0006,Emenda Individual - Transferências com Finalidade Definida,Segurança pública,"162.920,00","0,00",PIAUÍ (UF)
74317,Júlio Cesar,2023,0003,Emenda Individual - Transferências com Finalidade Definida,Agricultura,"325.841,00","325.841,00",Nacional
74317,Júlio Cesar,2023,0004,Emenda Individual - Transferências com Finalidade Definida,Saúde,"2.202.224,00","1.852.247,00",MÚLTIPLO
74317,Júlio Cesar,2023,0008,Emenda Individual - Transferências com Finalidade Definida,Saúde,"2.443.813,00","2.443.813,00",MÚLTIPLO
74317,Júlio Cesar,2023,0007,Emenda Individual - Transferências com Finalidade Definida,Agricultura,"3.258.416,94","66.439,04",PIAUÍ (UF)
74317,Júlio Cesar,2023,0002,Emenda Individual - Transferências com Finalidade Definida,Saúde,"11.404.465,00","11.404.465,00",MÚLTIPLO
74317,Júlio Cesar,2023,0010,Emenda Individual - Transferências Especiais,Encargos especiais,"11.897.215,00","11.897.215,00",MÚLTIPLO
74317,Júlio Cesar,2024,0003,Emenda Individual - Transferências com Finalidade Definida,Segurança pública,"98.230,00","0,00",PIAUÍ (UF)
74317,Júlio Cesar,2024,0004,Emenda Individual - Transferências com Finalidade Definida,Segurança pública,"99.462,00","0,00",PIAUÍ (UF)
74317,Júlio Cesar,2024,0007,Emenda Individual - Transferências com Finalidade Definida,Segurança pública,"99.462,00","0,00",PIAUÍ (UF)
74317,Júlio Cesar,2024,0008,Emenda Individual - Transferências com Finalidade Definida,Defesa nacional,"299.273,84","0,00",Nacional
74317,Júlio Cesar,2024,0009,Emenda Individual - Transferências com Finalidade Definida,Segurança pública,"30,00","30,00",Nacional
74317,Júlio Cesar,2024,0011,Emenda Individual - Transferências com Finalidade Definida,Assistência social,"1.199.706,28","1.167.817,66",PIAUÍ (UF)
74317,Júlio Cesar,2024,0005,Emenda Individual - Transferências com Finalidade Definida,Saúde,"1.635.793,00","1.635.793,00",MÚLTIPLO
74317,Júlio Cesar,2024,0006,Emenda Individual - Transferências com Finalidade Definida,Urbanismo,"2.535.792,00","82.967,48",PIAUÍ (UF)
74317,Júlio Cesar,2024,0002,Emenda Individual - Transferências com Finalidade Definida,Saúde,"4.433.262,00","3.728.928,00",MÚLTIPLO
74317,Júlio Cesar,2024,0001,Emenda Individual - Transferências com Finalidade Definida,Saúde,"1.230,00","1.230,00",MÚLTIPLO
74317,Júlio Cesar,2024,0010,Emenda Individual - Transferências Especiais,Encargos especiais,"1.430,00","1.430,00",MÚLTIPLO
74317,Júlio Cesar,2025,0005,Emenda Individual - Transferências com Finalidade Definida,Saúde,"1.450.720,00","1.050.748,00",MÚLTIPLO
74317,Júlio Cesar,2025,0001,Emenda Individual - Transferências com Finalidade Definida,Saúde,"600,00","300,00",PARNAÍBA - PI
74317,Júlio Cesar,2025,0007,Emenda Individual - Transferências Especiais,Encargos especiais,"17.640.990,08","17.461.612,08",MÚLTIPLO
74317,Júlio Cesar,2025,0003,Emenda Individual - Transferências com Finalidade Definida,Saúde,"2.360,00","1.790,00",MÚLTIPLO
204431,Marcos Aurélio Sampaio,2023,0001,Emenda Individual - Transferências Especiais,Encargos especiais,"488.762,00","488.762,00",MÚLTIPLO
204431,Marcos Aurélio Sampaio,2023,0004,Emenda Individual - Transferências com Finalidade Definida,Saúde,"3.832.903,00","3.832.903,00",MÚLTIPLO
204431,Marcos Aurélio Sampaio,2023,0003,Emenda Individual - Transferências com Finalidade Definida,Saúde,"12.218.461,00","4.072.398,00",MÚLTIPLO
204431,Marcos Aurélio Sampaio,2023,0002,Emenda Individual - Transferências Especiais,Encargos especiais,"15.562.937,00","15.562.937,00",MÚLTIPLO
204431,Marcos Aurélio Sampaio,2024,0001,Emenda Individual - Transferências com Finalidade Definida,Saúde,"4.000.000,00","4.000.000,00",MÚLTIPLO
204431,Marcos Aurélio Sampaio,2024,0002,Emenda Individual - Transferências Especiais,Encargos especiais,"5.680.737,00","5.680.737,00",MÚLTIPLO
204431,Marcos Aurélio Sampaio,2024,0003,Emenda Individual - Transferências Especiais,Encargos especiais,"13.255.055,00","13.255.055,00",MÚLTIPLO
204431,Marcos Aurélio Sampaio,2024,0004,Emenda Individual - Transferências com Finalidade Definida,Saúde,"14.935.793,00","14.935.793,00",MÚLTIPLO
204431,Marcos Aurélio Sampaio,2025,0003,Emenda Individual - Transferências com Finalidade Definida,Segurança pública,"199.867,24","199.867,24",PIAUÍ (UF)
204431,Marcos Aurélio Sampaio,2025,0004,Emenda Individual - Transferências Especiais,Encargos especiais,"5.491.396,03","5.436.483,03",PIAUÍ (UF)
204431,Marcos Aurélio Sampaio,2025,0002,Emenda Individual - Transferências com Finalidade Definida,Saúde,"600,00","600,00",MÚLTIPLO
204431,Marcos Aurélio Sampaio,2025,0001,Emenda Individual - Transferências Especiais,Encargos especiais,"12.946.594,05","12.817.129,05",MÚLTIPLO
204431,Marcos Aurélio Sampaio,2025,0005,Emenda Individual - Transferências com Finalidade Definida,Saúde,"20.387.993,00","13.237.993,00",MÚLTIPLO
188097,Merlong Solano,2023,0004,Emenda Individual - Transferências com Finalidade Definida,Saúde,"450.000,00","450.000,00",PIAUÍ (UF)
188097,Merlong Solano,2023,0001,Emenda Individual - Transferências com Finalidade Definida,Agricultura,"499.087,35","230.038,55",PIAUÍ (UF)
188097,Merlong Solano,2023,0007,Emenda Individual - Transferências com Finalidade Definida,Saúde,"1.382.433,00","0,00",MÚLTIPLO
188097,Merlong Solano,2023,0005,Emenda Individual - Transferências com Finalidade Definida,Saúde,"14.135.686,00","13.747.743,00",MÚLTIPLO
188097,Merlong Solano,2023,0002,Emenda Individual - Transferências Especiais,Encargos especiais,"14.455.074,00","14.455.074,00",MÚLTIPLO
188097,Merlong Solano,2024,0009,Emenda Individual - Transferências com Finalidade Definida,Organização agrária,"199.429,10","0,00",PIAUÍ (UF)
188097,Merlong Solano,2024,0008,Emenda Individual - Transferências com Finalidade Definida,Direitos da cidadania,"20,00","20,00",PIAUÍ (UF)
188097,Merlong Solano,2024,0010,Emenda Individual - Transferências com Finalidade Definida,Agricultura,"40,00","236.225,45",Nacional
188097,Merlong Solano,2024,0005,Emenda Individual - Transferências com Finalidade Definida,Saúde,"50,00","0,00",TERESINA - PI
188097,Merlong Solano,2024,0006,Emenda Individual - Transferências com Finalidade Definida,Organização agrária,"70,00","0,00",PIAUÍ (UF)
188097,Merlong Solano,2024,0001,Emenda Individual - Transferências com Finalidade Definida,Direitos da cidadania,"75,00","0,00",SÃO RAIMUNDO NONATO - PI
188097,Merlong Solano,2024,0012,Emenda Individual - Transferências com Finalidade Definida,Educação,"1.199.552,26","1.144.940,16",PIAUÍ (UF)
188097,Merlong Solano,2024,0011,Emenda Individual - Transferências Especiais,Encargos especiais,"200,00","200,00",PIAUÍ (UF)
188097,Merlong Solano,2024,0002,Emenda Individual - Transferências Especiais,Encargos especiais,"425,00","425,00",PIAUÍ (UF)
188097,Merlong Solano,2024,0003,Emenda Individual - Transferências Especiais,Encargos especiais,"9.185.792,00","9.185.792,00",MÚLTIPLO
188097,Merlong Solano,2024,0007,Emenda Individual - Transferências com Finalidade Definida,Saúde,"17.414.609,00","17.377.198,00",MÚLTIPLO
188097,Merlong Solano,2025,0009,Emenda Individual - Transferências com Finalidade Definida,Cultura,"544.890,00","0,00",PIAUÍ (UF)
188097,Merlong Solano,2025,0002,Emenda Individual - Transferências com Finalidade Definida,Saúde,"65,00","65,00",TERESINA - PI
188097,Merlong Solano,2025,0005,Emenda Individual - Transferências com Finalidade Definida,Agricultura,"676.940,00","80.930,83",PIAUÍ (UF)
188097,Merlong Solano,2025,0001,Emenda Individual - Transferências com Finalidade Definida,Educação,"799.922,73","0,00",PIAUÍ (UF)
188097,Merlong Solano,2025,0003,Emenda Individual - Transferências Especiais,Encargos especiais,"1.637.991,08","1.621.612,08",PIAUÍ (UF)
188097,Merlong Solano,2025,0004,Emenda Individual - Transferências com Finalidade Definida,Educação,"1.998.943,29","0,00",PIAUÍ (UF)
188097,Merlong Solano,2025,0007,Emenda Individual - Transferências Especiais,Encargos especiais,"2.106.000,00","2.079.000,00",PIAUÍ (UF)
188097,Merlong Solano,2025,0006,Emenda Individual - Transferências Especiais,Encargos especiais,"1.020,00","10.098.000,00",MÚLTIPLO
188097,Merlong Solano,2025,0008,Emenda Individual - Transferências com Finalidade Definida,Saúde,"25.970.986,00","19.030.986,00",MÚLTIPLO
739,Ciro Nogueira,2024,0001,Emenda Individual - Transferências Especiais,Encargos especiais,"34.634.850,00","34.634.850,00",MÚLTIPLO
739,Ciro Nogueira,2024,0002,Emenda Individual - Transferências com Finalidade Definida,Saúde,"3.500,00","3.500,00",MÚLTIPLO
739,Ciro Nogueira,2025,0001,Emenda Individual - Transferências Especiais,Encargos especiais,"33.843.714,85","33.501.317,85",MÚLTIPLO
739,Ciro Nogueira,2025,0002,Emenda Individual - Transferências com Finalidade Definida,Saúde,"5.157,00","3.917,00",MÚLTIPLO
6369,Jussara Lima,2024,0005,Emenda Individual - Transferências com Finalidade Definida,Saúde,"99.766,00","99.766,00",PIRIPIRI - PI
6369,Jussara Lima,2024,0004,Emenda Individual - Transferências com Finalidade Definida,Saúde,"99.999,00","99.999,00",COLÔNIA DO PIAUÍ - PI
6369,Jussara Lima,2024,0003,Emenda Individual - Transferências com Finalidade Definida,Saúde,"13.272.198,00","13.272.198,00",MÚLTIPLO
6369,Jussara Lima,2024,0002,Emenda Individual - Transferências com Finalidade Definida,Saúde,"21.345.227,00","21.345.227,00",MÚLTIPLO
6369,Jussara Lima,2024,0001,Emenda Individual - Transferências Especiais,Encargos especiais,"34.817.425,00","34.817.425,00",MÚLTIPLO
6369,Jussara Lima,2025,0004,Emenda Individual - Transferências com Finalidade Definida,Saúde,"199.909,00","0,00",ÁGUA BRANCA - PI
6369,Jussara Lima,2025,0001,Emenda Individual - Transferências com Finalidade Definida,Saúde,"199.993,00","0,00",REDENÇÃO DO GURGUÉIA - PI
6369,Jussara Lima,2025,0003,Emenda Individual - Transferências com Finalidade Definida,Transporte,"200,00","0,00",PIAUÍ (UF)
6369,Jussara Lima,2025,0006,Emenda Individual - Transferências com Finalidade Definida,Saúde,"15.688.900,00","12.788.900,00",MÚLTIPLO
6369,Jussara Lima,2025,0005,Emenda Individual - Transferências com Finalidade Definida,Saúde,"32.161.916,00","22.780.958,00",MÚLTIPLO
6369,Jussara Lima,2025,0002,Emenda Individual - Transferências Especiais,Encargos especiais,"32.269.853,43","31.947.158,43",MÚLTIPLO
742,Marcelo Castro,2023,0004,Emenda Individual - Transferências com Finalidade Definida,Direitos da cidadania,"40,00","0,00",PIAUÍ (UF)
742,Marcelo Castro,2023,0001,Emenda Individual - Transferências com Finalidade Definida,Direitos da cidadania,"719.442,05","0,00",PIAUÍ (UF)
742,Marcelo Castro,2023,0002,Emenda Individual - Transferências com Finalidade Definida,Cultura,"1.499.848,00","35,00",PIAUÍ (UF)
742,Marcelo Castro,2023,0005,Emenda Individual - Transferências Especiais,Encargos especiais,"26.494.410,00","26.494.410,00",MÚLTIPLO
742,Marcelo Castro,2023,0003,Emenda Individual - Transferências com Finalidade Definida,Saúde,"29.914.422,00","29.514.422,00",MÚLTIPLO
742,Marcelo Castro,2024,0006,Emenda Individual - Transferências com Finalidade Definida,Gestão ambiental,"100.000,00","100.000,00",PIAUÍ (UF)
742,Marcelo Castro,2024,0003,Emenda Individual - Transferências com Finalidade Definida,Saúde,"200.000,00","200.000,00",PIRIPIRI - PI
742,Marcelo Castro,2024,0001,Emenda Individual - Transferências com Finalidade Definida,Cultura,"300.000,00","0,00",PIAUÍ (UF)
742,Marcelo Castro,2024,0002,Emenda Individual - Transferências com Finalidade Definida,Organização agrária,"400.000,00","0,00",PIAUÍ (UF)
742,Marcelo Castro,2024,0004,Emenda Individual - Transferências com Finalidade Definida,Ciência e Tecnologia,"494.954,15","222.115,12",PIAUÍ (UF)
742,Marcelo Castro,2024,0007,Emenda Individual - Transferências Especiais,Encargos especiais,"33.517.425,00","33.517.425,00",MÚLTIPLO
742,Marcelo Castro,2024,0005,Emenda Individual - Transferências com Finalidade Definida,Saúde,"34.617.425,00","34.617.425,00",MÚLTIPLO
742,Marcelo Castro,2025,0004,Emenda Individual - Transferências com Finalidade Definida,Segurança pública,"199.995,36","0,00",Nacional
742,Marcelo Castro,2025,0001,Emenda Individual - Transferências com Finalidade Definida,Cultura,"200.000,00","200.000,00",PIAUÍ (UF)
742,Marcelo Castro,2025,0003,Emenda Individual - Transferências com Finalidade Definida,Cultura,"200.000,00","200.000,00",PIAUÍ (UF)
742,Marcelo Castro,2025,0006,Emenda Individual - Transferências com Finalidade Definida,Segurança pública,"400.000,00","0,00",PIAUÍ (UF)
742,Marcelo Castro,2025,0008,Emenda Individual - Transferências com Finalidade Definida,Agricultura,"500.000,00","0,00",Nacional
742,Marcelo Castro,2025,0009,Emenda Individual - Transferências com Finalidade Definida,Defesa nacional,"799.914,83","0,00",Nacional
742,Marcelo Castro,2025,0002,Emenda Individual - Transferências com Finalidade Definida,Direitos da cidadania,"996.572,10","0,00",PIAUÍ (UF)
742,Marcelo Castro,2025,0005,Emenda Individual - Transferências Especiais,Encargos especiais,"31.368.987,11","31.055.310,00",MÚLTIPLO
742,Marcelo Castro,2025,0007,Emenda Individual - Transferências com Finalidade Definida,Saúde,"50.830.292,00","38.230.292,00",MÚLTIPLO
