parlamentar_id,ano,orgao_titulo,funcao_titulo,total_empenhado,total_liquidado,total_pago,qtd_lancamentos
PI-EXEC-GOVERNADOR,2023,CONTROLADORIA GERAL DO ESTADO,ADMINISTRAÇÃO,1788646.16,1788646.16,1785171.77,
PI-EXEC-GOVERNADOR,2023,COORDENADORIA DE COMUNICAÇÃO SOCIAL,ADMINISTRAÇÃO,7490407.19,7465454.56,7414831.93,
PI-EXEC-GOVERNADOR,2023,COORDENADORIA DE COMUNICAÇÃO SOCIAL,COMUNICAÇÕES,113404547.96,112702988.42,112180197.51,
PI-EXEC-GOVERNADOR,2023,CORPO DE BOMBEIROS MILITAR,SEGURANÇA PÚBLICA,59803329.93,51168537.69,51056115.99,
PI-EXEC-GOVERNADOR,2023,ENCARGOS GERAIS DO ESTADO,ADMINISTRAÇÃO,338225552.94,338225552.94,336286759.89,
PI-EXEC-GOVERNADOR,2023,ENCARGOS GERAIS DO ESTADO,ENCARGOS ESPECIAIS,2582478062.77,2573093933.56,2479653507.71,
PI-EXEC-GOVERNADOR,2023,GOVERNADORIA DO ESTADO,ADMINISTRAÇÃO,202961322.65,194046266.44,190799305.49,
PI-EXEC-GOVERNADOR,2023,GOVERNADORIA DO ESTADO,AGRICULTURA,218842.2,218842.2,218842.2,
PI-EXEC-GOVERNADOR,2023,GOVERNADORIA DO ESTADO,CULTURA,5080.0,5080.0,5080.0,
PI-EXEC-GOVERNADOR,2023,GOVERNADORIA DO ESTADO,DESPORTO E LAZER,3608921.73,3302505.25,3105581.02,
PI-EXEC-GOVERNADOR,2023,GOVERNADORIA DO ESTADO,DIREITOS DA CIDADANIA,24674737.0,24674737.0,23885937.0,
PI-EXEC-GOVERNADOR,2023,GOVERNADORIA DO ESTADO,URBANISMO,10330878.02,5349624.76,5349624.76,
PI-EXEC-GOVERNADOR,2023,POLÍCIA MILITAR DO PIAUÍ,SAÚDE,20556994.86,20026435.47,20013135.28,
PI-EXEC-GOVERNADOR,2023,POLÍCIA MILITAR DO PIAUÍ,SEGURANÇA PÚBLICA,650017468.94,639579696.23,616955877.44,
PI-EXEC-GOVERNADOR,2023,PROCURADORIA GERAL DO ESTADO,ADMINISTRAÇÃO,59349694.61,58807099.44,58764993.53,
PI-EXEC-GOVERNADOR,2023,SECRETARIA DA ADMINISTRAÇÃO E PREVIDÊNCIA,ADMINISTRAÇÃO,390492863.41,316835362.62,309626235.72,
PI-EXEC-GOVERNADOR,2023,SECRETARIA DA ADMINISTRAÇÃO E PREVIDÊNCIA,CIÊNCIA E TECNOLOGIA,64819846.05,50587366.09,50587366.09,
PI-EXEC-GOVERNADOR,2023,SECRETARIA DA ADMINISTRAÇÃO E PREVIDÊNCIA,PREVIDÊNCIA SOCIAL,2967910325.61,2966025886.24,2940743269.15,
PI-EXEC-GOVERNADOR,2023,SECRETARIA DA ADMINISTRAÇÃO E PREVIDÊNCIA,SAÚDE,431406238.06,431192939.34,423180944.93,
PI-EXEC-GOVERNADOR,2023,SECRETARIA DA AGRICULTURA FAMILIAR,ADMINISTRAÇÃO,52454032.35,49296194.56,47781501.81,
PI-EXEC-GOVERNADOR,2023,SECRETARIA DA AGRICULTURA FAMILIAR,AGRICULTURA,82201463.56,74111419.39,68839010.09,
PI-EXEC-GOVERNADOR,2023,"SECRETARIA DA ASSISTÊNCIA SOCIAL, TRABALHO E DIREITOS HUMANOS",ADMINISTRAÇÃO,30658.98,30658.98,30658.98,
PI-EXEC-GOVERNADOR,2023,"SECRETARIA DA ASSISTÊNCIA SOCIAL, TRABALHO E DIREITOS HUMANOS",ASSISTÊNCIA SOCIAL,127994388.3,120664863.11,118009023.65,
PI-EXEC-GOVERNADOR,2023,"SECRETARIA DA ASSISTÊNCIA SOCIAL, TRABALHO E DIREITOS HUMANOS",DIREITOS DA CIDADANIA,6720.0,6720.0,6720.0,
PI-EXEC-GOVERNADOR,2023,SECRETARIA DA ASSISTENCIA TECNICA E DEFESA AGROPECUARIA,ADMINISTRAÇÃO,45523209.66,44620146.43,43621445.26,
PI-EXEC-GOVERNADOR,2023,SECRETARIA DA ASSISTENCIA TECNICA E DEFESA AGROPECUARIA,AGRICULTURA,11785754.6,9696040.73,8605681.04,
PI-EXEC-GOVERNADOR,2023,SECRETARIA DA CULTURA,ADMINISTRAÇÃO,22041308.81,21607578.27,20865979.74,
PI-EXEC-GOVERNADOR,2023,SECRETARIA DA CULTURA,CULTURA,56119681.96,55618587.22,52099837.61,
PI-EXEC-GOVERNADOR,2023,SECRETARIA DA EDUCAÇÃO,ADMINISTRAÇÃO,7589040.97,7566309.69,7514556.96,
PI-EXEC-GOVERNADOR,2023,SECRETARIA DA EDUCAÇÃO,EDUCAÇÃO,2855600167.14,2536813809.8,2482914489.48,
PI-EXEC-GOVERNADOR,2023,SECRETARIA DA FAZENDA,ADMINISTRAÇÃO,495685836.38,459525425.33,447108526.12,
PI-EXEC-GOVERNADOR,2023,SECRETARIA DA FAZENDA,COMÉRCIO E SERVIÇOS,9228399.45,9203372.4,9203372.4,
PI-EXEC-GOVERNADOR,2023,SECRETARIA DA INFRAESTRUTURA,ADMINISTRAÇÃO,20277851.89,18936770.91,18229087.45,
PI-EXEC-GOVERNADOR,2023,SECRETARIA DA INFRAESTRUTURA,ENERGIA,222465.57,222465.57,222465.57,
PI-EXEC-GOVERNADOR,2023,SECRETARIA DA INFRAESTRUTURA,GESTÃO AMBIENTAL,4386227.37,2819498.32,2819498.32,
PI-EXEC-GOVERNADOR,2023,SECRETARIA DA INFRAESTRUTURA,HABITAÇÃO,2003145.74,47125.75,47125.75,
PI-EXEC-GOVERNADOR,2023,SECRETARIA DA INFRAESTRUTURA,SANEAMENTO,29131397.45,15447761.46,15447761.46,
PI-EXEC-GOVERNADOR,2023,SECRETARIA DA INFRAESTRUTURA,TRANSPORTE,46994319.11,19913068.35,19913068.35,
PI-EXEC-GOVERNADOR,2023,SECRETARIA DA INFRAESTRUTURA,URBANISMO,163567419.5,103887700.36,100606784.12,
PI-EXEC-GOVERNADOR,2023,SECRETARIA DA IRRIGACAO E INFRAESTRUTURA HIDRICA,ADMINISTRAÇÃO,1964078.48,1964078.48,1938596.56,
PI-EXEC-GOVERNADOR,2023,SECRETARIA DA IRRIGACAO E INFRAESTRUTURA HIDRICA,AGRICULTURA,59667308.51,48906521.42,47085909.72,
PI-EXEC-GOVERNADOR,2023,SECRETARIA DA JUSTIÇA,ADMINISTRAÇÃO,170482467.7,170150138.87,168100258.57,
PI-EXEC-GOVERNADOR,2023,SECRETARIA DA JUSTIÇA,DIREITOS DA CIDADANIA,123198242.08,94602024.15,90297638.17,
PI-EXEC-GOVERNADOR,2023,SECRETARIA DA JUSTIÇA,SAÚDE,107749.69,107749.69,107749.69,
PI-EXEC-GOVERNADOR,2023,SECRETARIA DA JUSTIÇA,SEGURANÇA PÚBLICA,3385201.88,3382001.88,3381681.88,
PI-EXEC-GOVERNADOR,2023,SECRETARIA DA JUSTIÇA,TRABALHO,566567.64,195660.96,195660.96,
PI-EXEC-GOVERNADOR,2023,SECRETARIA DA SAÚDE,SAÚDE,2571762183.01,2498085606.72,2467013223.06,
PI-EXEC-GOVERNADOR,2023,SECRETARIA DAS CIDADES,ADMINISTRAÇÃO,138931953.62,132994276.84,128794794.51,
PI-EXEC-GOVERNADOR,2023,SECRETARIA DAS CIDADES,HABITAÇÃO,20012236.94,16552863.54,14544510.42,
PI-EXEC-GOVERNADOR,2023,SECRETARIA DAS CIDADES,SANEAMENTO,5102649.5,5102649.5,4215539.22,
PI-EXEC-GOVERNADOR,2023,SECRETARIA DAS CIDADES,TRANSPORTE,90515817.64,65256054.71,65095042.69,
PI-EXEC-GOVERNADOR,2023,SECRETARIA DAS CIDADES,URBANISMO,29500710.5,23366327.66,23365927.66,
PI-EXEC-GOVERNADOR,2023,SECRETARIA DA SEGURANÇA PÚBLICA,SEGURANÇA PÚBLICA,621236951.49,523429146.81,515679430.47,
PI-EXEC-GOVERNADOR,2023,SECRETARIA DAS MULHERES DO ESTADO DO PIAUI,ADMINISTRAÇÃO,2866100.06,2762637.67,2725359.31,
PI-EXEC-GOVERNADOR,2023,SECRETARIA DAS MULHERES DO ESTADO DO PIAUI,DIREITOS DA CIDADANIA,11200.0,0.0,0.0,
PI-EXEC-GOVERNADOR,2023,SECRETARIA DE DEFESA CIVIL,ADMINISTRAÇÃO,7156589.14,6538594.46,6136309.6,
PI-EXEC-GOVERNADOR,2023,SECRETARIA DE DEFESA CIVIL,SEGURANÇA PÚBLICA,43650548.22,33294189.83,33294189.83,
PI-EXEC-GOVERNADOR,2023,SECRETARIA DE RELACOES SOCIAIS DO ESTADO DO PIAUI,ADMINISTRAÇÃO,3979961.78,3955246.15,3917204.85,
PI-EXEC-GOVERNADOR,2023,SECRETARIA DO AGRONEGÓCIO E EMPREENDEDORISMO RURAL,ADMINISTRAÇÃO,9122794.0,8560597.14,8417221.46,
PI-EXEC-GOVERNADOR,2023,SECRETARIA DO AGRONEGÓCIO E EMPREENDEDORISMO RURAL,AGRICULTURA,229809808.54,198678538.77,196188287.8,
PI-EXEC-GOVERNADOR,2023,SECRETARIA DO AGRONEGÓCIO E EMPREENDEDORISMO RURAL,INDÚSTRIA,6203990.0,6188990.0,4358990.0,
PI-EXEC-GOVERNADOR,2023,SECRETARIA DO DESENVOLVIMENTO ECONÔMICO,ADMINISTRAÇÃO,40386488.26,37602194.85,37203656.49,
PI-EXEC-GOVERNADOR,2023,SECRETARIA DO DESENVOLVIMENTO ECONÔMICO,CIÊNCIA E TECNOLOGIA,19121829.11,19121829.11,18852597.11,
PI-EXEC-GOVERNADOR,2023,SECRETARIA DO DESENVOLVIMENTO ECONÔMICO,COMÉRCIO E SERVIÇOS,101468469.91,68099784.79,65374713.94,
PI-EXEC-GOVERNADOR,2023,SECRETARIA DO DESENVOLVIMENTO ECONÔMICO,EDUCAÇÃO,6492370.0,6492370.0,6492370.0,
PI-EXEC-GOVERNADOR,2023,SECRETARIA DO MEIO AMBIENTE E DOS RECURSOS HÍDRICOS,ADMINISTRAÇÃO,12180403.0,12180403.0,12120421.07,
PI-EXEC-GOVERNADOR,2023,SECRETARIA DO MEIO AMBIENTE E DOS RECURSOS HÍDRICOS,GESTÃO AMBIENTAL,48527805.71,29194254.97,28899933.85,
PI-EXEC-GOVERNADOR,2023,SECRETARIA DO PLANEJAMENTO,ADMINISTRAÇÃO,30269252.64,28282074.28,27274063.26,
PI-EXEC-GOVERNADOR,2023,SECRETARIA DOS ESPORTES,ADMINISTRAÇÃO,8521184.22,7926319.66,7557124.82,
PI-EXEC-GOVERNADOR,2023,SECRETARIA DOS ESPORTES,DESPORTO E LAZER,33008455.45,27882774.34,27587243.8,
PI-EXEC-GOVERNADOR,2023,SECRETARIA DOS ESPORTES,EDUCAÇÃO,318344.94,316433.54,314091.94,
PI-EXEC-GOVERNADOR,2023,SECRETARIA DOS TRANSPORTES,ADMINISTRAÇÃO,62605937.67,60474810.6,59046844.77,
PI-EXEC-GOVERNADOR,2023,SECRETARIA DOS TRANSPORTES,TRANSPORTE,1243986341.42,1093931792.59,1074657549.49,
PI-EXEC-GOVERNADOR,2023,SECRETARIA DO TURISMO,ADMINISTRAÇÃO,12130073.57,11478184.06,11443412.3,
PI-EXEC-GOVERNADOR,2023,SECRETARIA DO TURISMO,COMÉRCIO E SERVIÇOS,132973278.19,84825300.11,80026888.28,
PI-EXEC-GOVERNADOR,2023,"SECRETARIA ESTADUAL DE MINERAÇÃO, PETRÓLEO E ENERGIAS RENOVÁVEIS",ADMINISTRAÇÃO,6547553.15,5585452.56,5517598.15,
PI-EXEC-GOVERNADOR,2023,"SECRETARIA ESTADUAL DE MINERAÇÃO, PETRÓLEO E ENERGIAS RENOVÁVEIS",ENERGIA,9694567.77,6103213.51,5676093.33,
PI-EXEC-GOVERNADOR,2023,SECRETARIA ESTADUAL PARA INCLUSÃO DA PESSOA COM DEFICIÊNCIA,ADMINISTRAÇÃO,5083408.72,4897042.14,4801850.06,
PI-EXEC-GOVERNADOR,2023,SECRETARIA ESTADUAL PARA INCLUSÃO DA PESSOA COM DEFICIÊNCIA,DIREITOS DA CIDADANIA,3734539.89,3037075.89,3037065.89,
PI-EXEC-GOVERNADOR,2023,SECRETARIA ESTADUAL PARA INCLUSÃO DA PESSOA COM DEFICIÊNCIA,SAÚDE,2760260.66,2760260.66,2760260.66,
PI-EXEC-GOVERNADOR,2024,CORPO DE BOMBEIROS MILITAR,SEGURANÇA PÚBLICA,73800145.81,66560597.84,64153156.23,
PI-EXEC-GOVERNADOR,2024,ENCARGOS GERAIS DO ESTADO,ENCARGOS ESPECIAIS,3458748961.73,3447583790.06,3414488712.37,
PI-EXEC-GOVERNADOR,2024,GOVERNADORIA DO ESTADO,ADMINISTRAÇÃO,232741553.83,219146560.69,213270463.64,
PI-EXEC-GOVERNADOR,2024,GOVERNADORIA DO ESTADO,ASSISTÊNCIA SOCIAL,68362530.68,67331495.64,67179308.59,
PI-EXEC-GOVERNADOR,2024,GOVERNADORIA DO ESTADO,COMUNICAÇÕES,118625601.36,118551913.26,118143375.71,
PI-EXEC-GOVERNADOR,2024,GOVERNADORIA DO ESTADO,DIREITOS DA CIDADANIA,37827525.02,37788378.04,37788200.68,
PI-EXEC-GOVERNADOR,2024,POLÍCIA MILITAR DO PIAUÍ,SAÚDE,6858484.51,6280647.03,6280613.12,
PI-EXEC-GOVERNADOR,2024,POLÍCIA MILITAR DO PIAUÍ,SEGURANÇA PÚBLICA,708843574.02,704394347.18,683104264.55,
PI-EXEC-GOVERNADOR,2024,PROCURADORIA GERAL DO ESTADO,ADMINISTRAÇÃO,69130781.08,66295429.08,64281845.73,
PI-EXEC-GOVERNADOR,2024,SECRETARIA DA ADMINISTRAÇÃO E PREVIDÊNCIA,ADMINISTRAÇÃO,394147011.55,373318083.56,369364924.93,
PI-EXEC-GOVERNADOR,2024,SECRETARIA DA ADMINISTRAÇÃO E PREVIDÊNCIA,PREVIDÊNCIA SOCIAL,3090066026.2,3088084064.62,3082401802.52,
PI-EXEC-GOVERNADOR,2024,SECRETARIA DA ADMINISTRAÇÃO E PREVIDÊNCIA,SAÚDE,458665708.46,447290537.94,442049727.75,
PI-EXEC-GOVERNADOR,2024,SECRETARIA DA AGRICULTURA FAMILIAR,AGRICULTURA,110776793.13,103937483.98,102833575.95,
PI-EXEC-GOVERNADOR,2024,SECRETARIA DA AGRICULTURA FAMILIAR,ORGANIZAÇÃO AGRÁRIA,23990925.09,22640572.9,22200903.76,
PI-EXEC-GOVERNADOR,2024,"SECRETARIA DA ASSISTÊNCIA SOCIAL, TRABALHO E DIREITOS HUMANOS",ASSISTÊNCIA SOCIAL,141009564.89,135449819.4,134101125.57,
PI-EXEC-GOVERNADOR,2024,SECRETARIA DA ASSISTENCIA TECNICA E DEFESA AGROPECUARIA,AGRICULTURA,83203261.42,79879509.77,77710949.92,
PI-EXEC-GOVERNADOR,2024,SECRETARIA DA CULTURA,CULTURA,114710090.21,114069431.15,113465415.43,
PI-EXEC-GOVERNADOR,2024,SECRETARIA DA EDUCAÇÃO,ADMINISTRAÇÃO,7430144.11,7430144.11,7373134.9,
PI-EXEC-GOVERNADOR,2024,SECRETARIA DA EDUCAÇÃO,EDUCAÇÃO,3546695615.05,3275173250.23,3135793112.13,
PI-EXEC-GOVERNADOR,2024,SECRETARIA DA FAZENDA,ADMINISTRAÇÃO,482469562.74,464357140.83,451315623.63,
PI-EXEC-GOVERNADOR,2024,SECRETARIA DA FAZENDA,COMÉRCIO E SERVIÇOS,14327905.61,14275443.3,14260451.26,
PI-EXEC-GOVERNADOR,2024,SECRETARIA DA INFRAESTRUTURA,URBANISMO,378197164.49,352017186.8,350274092.49,
PI-EXEC-GOVERNADOR,2024,SECRETARIA DA IRRIGACAO E INFRAESTRUTURA HIDRICA,AGRICULTURA,130016956.66,128713640.23,128275733.42,
PI-EXEC-GOVERNADOR,2024,SECRETARIA DA JUSTIÇA,SEGURANÇA PÚBLICA,304461218.68,298112413.64,297069441.83,
PI-EXEC-GOVERNADOR,2024,SECRETARIA DA SAÚDE,SAÚDE,3017202190.56,2972752887.1,2942737521.35,
PI-EXEC-GOVERNADOR,2024,SECRETARIA DAS CIDADES,HABITAÇÃO,29392518.82,28323939.37,28251356.41,
PI-EXEC-GOVERNADOR,2024,SECRETARIA DAS CIDADES,SANEAMENTO,39867165.57,38666983.03,37810339.33,
PI-EXEC-GOVERNADOR,2024,SECRETARIA DAS CIDADES,TRANSPORTE,128209397.23,120262715.31,117726354.99,
PI-EXEC-GOVERNADOR,2024,SECRETARIA DAS CIDADES,URBANISMO,118756308.84,108729263.93,108699431.02,
PI-EXEC-GOVERNADOR,2024,SECRETARIA DA SEGURANÇA PÚBLICA,SEGURANÇA PÚBLICA,742030812.54,693641785.56,679016727.68,
PI-EXEC-GOVERNADOR,2024,SECRETARIA DAS MULHERES DO ESTADO DO PIAUI,ASSISTÊNCIA SOCIAL,4210353.59,3797752.94,3791100.93,
PI-EXEC-GOVERNADOR,2024,SECRETARIA DE DEFESA CIVIL,SEGURANÇA PÚBLICA,105340000.89,98339507.52,97908741.63,
PI-EXEC-GOVERNADOR,2024,SECRETARIA DE INTEGRAÇÃO E DESENVOLVIMENTO REGIONAL - SIDERPI-PI,ENERGIA,66671618.23,63261327.36,62810990.92,
PI-EXEC-GOVERNADOR,2024,"SECRETARIA DE INTELIGENCIA ARTIFICIAL, ECONOMIA DIGITAL, CIENCIA, TECNOLOGIA E INOVACAO",ADMINISTRAÇÃO,1681595.33,1652734.12,1610075.64,
PI-EXEC-GOVERNADOR,2024,SECRETARIA DE RELACOES SOCIAIS DO ESTADO DO PIAUI,ADMINISTRAÇÃO,5146328.7,5062828.94,5044474.27,
PI-EXEC-GOVERNADOR,2024,SECRETARIA DO AGRONEGÓCIO E EMPREENDEDORISMO RURAL,AGRICULTURA,206352892.64,204610213.44,202086765.34,
PI-EXEC-GOVERNADOR,2024,SECRETARIA DO DESENVOLVIMENTO ECONÔMICO,ADMINISTRAÇÃO,23433820.6,22178551.8,21982895.72,
PI-EXEC-GOVERNADOR,2024,SECRETARIA DO DESENVOLVIMENTO ECONÔMICO,CIÊNCIA E TECNOLOGIA,11751040.1,11691350.35,11613444.81,
PI-EXEC-GOVERNADOR,2024,SECRETARIA DO DESENVOLVIMENTO ECONÔMICO,COMÉRCIO E SERVIÇOS,78168728.73,72396366.27,72200282.3,
PI-EXEC-GOVERNADOR,2024,SECRETARIA DO DESENVOLVIMENTO ECONÔMICO,EDUCAÇÃO,16643957.14,16643957.14,16643957.14,
PI-EXEC-GOVERNADOR,2024,SECRETARIA DO MEIO AMBIENTE E DOS RECURSOS HÍDRICOS,GESTÃO AMBIENTAL,80662917.45,73984762.19,73500650.91,
PI-EXEC-GOVERNADOR,2024,SECRETARIA DO PLANEJAMENTO,ADMINISTRAÇÃO,40496965.62,38321869.17,37757418.69,
PI-EXEC-GOVERNADOR,2024,SECRETARIA DOS ESPORTES,DESPORTO E LAZER,53629357.1,46033460.31,45401249.75,
PI-EXEC-GOVERNADOR,2024,SECRETARIA DOS TRANSPORTES,TRANSPORTE,1473807039.2,1445754439.55,1439255706.76,
PI-EXEC-GOVERNADOR,2024,SECRETARIA DO TURISMO,COMÉRCIO E SERVIÇOS,209373506.08,190913615.8,187342860.46,
PI-EXEC-GOVERNADOR,2024,SECRETARIA ESTADUAL PARA INCLUSÃO DA PESSOA COM DEFICIÊNCIA,DIREITOS DA CIDADANIA,8083493.6,7731930.79,7661726.55,
PI-EXEC-GOVERNADOR,2025,CORPO DE BOMBEIROS MILITAR,SEGURANÇA PÚBLICA,79615312.39,79300542.35,79281940.46,
PI-EXEC-GOVERNADOR,2025,ENCARGOS GERAIS DO ESTADO,ENCARGOS ESPECIAIS,9406919520.03,9338091957.73,9337779109.53,
PI-EXEC-GOVERNADOR,2025,GOVERNADORIA DO ESTADO,ADMINISTRAÇÃO,267400842.83,257819784.57,247214691.83,
PI-EXEC-GOVERNADOR,2025,GOVERNADORIA DO ESTADO,ASSISTÊNCIA SOCIAL,63220191.59,61968582.07,61568582.06,
PI-EXEC-GOVERNADOR,2025,GOVERNADORIA DO ESTADO,COMUNICAÇÕES,129785613.07,129441199.81,129357081.44,
PI-EXEC-GOVERNADOR,2025,GOVERNADORIA DO ESTADO,DIREITOS DA CIDADANIA,45864382.43,45834788.4,45634788.27,
PI-EXEC-GOVERNADOR,2025,POLÍCIA MILITAR DO PIAUÍ,SEGURANÇA PÚBLICA,783315291.03,781261297.89,780793883.77,
PI-EXEC-GOVERNADOR,2025,PROCURADORIA GERAL DO ESTADO,ADMINISTRAÇÃO,70990434.83,69581733.72,69567817.65,
PI-EXEC-GOVERNADOR,2025,SECRETARIA DA ADMINISTRAÇÃO E PREVIDÊNCIA,ADMINISTRAÇÃO,412341727.55,399537932.85,393717448.66,
PI-EXEC-GOVERNADOR,2025,SECRETARIA DA ADMINISTRAÇÃO E PREVIDÊNCIA,PREVIDÊNCIA SOCIAL,3247292555.4,3245676038.54,3222296497.92,
PI-EXEC-GOVERNADOR,2025,SECRETARIA DA ADMINISTRAÇÃO E PREVIDÊNCIA,SAÚDE,495595917.87,490110467.54,488018747.26,
PI-EXEC-GOVERNADOR,2025,SECRETARIA DA AGRICULTURA FAMILIAR,AGRICULTURA,130734420.7,117389913.38,107156984.32,
PI-EXEC-GOVERNADOR,2025,SECRETARIA DA AGRICULTURA FAMILIAR,ORGANIZAÇÃO AGRÁRIA,27566823.18,26734961.37,26431682.38,
PI-EXEC-GOVERNADOR,2025,"SECRETARIA DA ASSISTÊNCIA SOCIAL, TRABALHO E DIREITOS HUMANOS",ASSISTÊNCIA SOCIAL,169485410.84,157123364.88,156841786.18,
PI-EXEC-GOVERNADOR,2025,SECRETARIA DA ASSISTENCIA TECNICA E DEFESA AGROPECUARIA,AGRICULTURA,115162435.56,107819653.63,103151756.65,
PI-EXEC-GOVERNADOR,2025,SECRETARIA DA CULTURA,CULTURA,107441914.96,106801742.39,103186791.28,
PI-EXEC-GOVERNADOR,2025,SECRETARIA DA EDUCAÇÃO,ADMINISTRAÇÃO,6583942.25,6553912.51,6543059.36,
PI-EXEC-GOVERNADOR,2025,SECRETARIA DA EDUCAÇÃO,EDUCAÇÃO,3947330960.37,3861113834.85,3820054441.45,
PI-EXEC-GOVERNADOR,2025,SECRETARIA DA FAZENDA,ADMINISTRAÇÃO,463733984.3,453262578.24,450523718.59,
PI-EXEC-GOVERNADOR,2025,SECRETARIA DA FAZENDA,COMÉRCIO E SERVIÇOS,13435206.14,12621731.22,11983700.88,
PI-EXEC-GOVERNADOR,2025,SECRETARIA DA INFRAESTRUTURA,URBANISMO,408240778.92,370986508.67,368713764.32,
PI-EXEC-GOVERNADOR,2025,SECRETARIA DA IRRIGACAO E INFRAESTRUTURA HIDRICA,AGRICULTURA,165240688.52,161535094.98,161476727.2,
PI-EXEC-GOVERNADOR,2025,SECRETARIA DA JUSTIÇA,SEGURANÇA PÚBLICA,406447793.6,398919043.48,398164983.0,
PI-EXEC-GOVERNADOR,2025,SECRETARIA DA SAÚDE,SAÚDE,3327426535.67,3220139768.56,3203904097.68,
PI-EXEC-GOVERNADOR,2025,SECRETARIA DAS CIDADES,HABITAÇÃO,20275484.27,19474960.28,16974729.84,
PI-EXEC-GOVERNADOR,2025,SECRETARIA DAS CIDADES,SANEAMENTO,36440438.45,35005647.54,34780267.95,
PI-EXEC-GOVERNADOR,2025,SECRETARIA DAS CIDADES,TRANSPORTE,138004889.35,128050620.24,122110708.08,
PI-EXEC-GOVERNADOR,2025,SECRETARIA DAS CIDADES,URBANISMO,135687705.86,128485446.53,128156910.59,
PI-EXEC-GOVERNADOR,2025,SECRETARIA DA SEGURANÇA PÚBLICA,SEGURANÇA PÚBLICA,844726434.77,786575119.35,783543859.29,
PI-EXEC-GOVERNADOR,2025,SECRETARIA DAS MULHERES DO ESTADO DO PIAUI,ASSISTÊNCIA SOCIAL,3540041.77,3442270.76,3366448.7,
PI-EXEC-GOVERNADOR,2025,SECRETARIA DE DEFESA CIVIL,SEGURANÇA PÚBLICA,100205253.47,98976333.48,98720983.48,
PI-EXEC-GOVERNADOR,2025,SECRETARIA DE INTEGRAÇÃO E DESENVOLVIMENTO REGIONAL,ENERGIA,59577195.81,59500171.16,59500171.1,
PI-EXEC-GOVERNADOR,2025,"SECRETARIA DE INTELIGENCIA ARTIFICIAL, ECONOMIA DIGITAL, CIENCIA, TECNOLOGIA E INOVACAO",CIÊNCIA E TECNOLOGIA,12835380.62,12216133.06,12216133.06,
PI-EXEC-GOVERNADOR,2025,SECRETARIA DE RELACOES SOCIAIS DO ESTADO DO PIAUI,ADMINISTRAÇÃO,5320398.46,5242871.36,5242871.26,
PI-EXEC-GOVERNADOR,2025,SECRETARIA DO AGRONEGÓCIO E EMPREENDEDORISMO RURAL,AGRICULTURA,178519311.43,176253393.66,175070495.08,
PI-EXEC-GOVERNADOR,2025,SECRETARIA DO DESENVOLVIMENTO ECONÔMICO,ADMINISTRAÇÃO,31042137.12,27577731.84,27242823.16,
PI-EXEC-GOVERNADOR,2025,SECRETARIA DO DESENVOLVIMENTO ECONÔMICO,CIÊNCIA E TECNOLOGIA,27601136.04,25035191.32,24589302.83,
PI-EXEC-GOVERNADOR,2025,SECRETARIA DO DESENVOLVIMENTO ECONÔMICO,COMÉRCIO E SERVIÇOS,66620336.62,63552075.15,63376533.52,
PI-EXEC-GOVERNADOR,2025,SECRETARIA DO DESENVOLVIMENTO ECONÔMICO,EDUCAÇÃO,18723135.48,18723135.48,18723135.48,
PI-EXEC-GOVERNADOR,2025,SECRETARIA DO MEIO AMBIENTE E DOS RECURSOS HÍDRICOS,GESTÃO AMBIENTAL,68657196.12,57061255.17,56749874.49,
PI-EXEC-GOVERNADOR,2025,SECRETARIA DO PLANEJAMENTO,ADMINISTRAÇÃO,45918760.31,44407823.54,44357122.81,
PI-EXEC-GOVERNADOR,2025,SECRETARIA DO PLANEJAMENTO,ENERGIA,13050000.0,13050000.0,50000.0,
PI-EXEC-GOVERNADOR,2025,SECRETARIA DO PLANEJAMENTO,TRABALHO,136620.0,136620.0,36432.0,
PI-EXEC-GOVERNADOR,2025,SECRETARIA DOS ESPORTES,DESPORTO E LAZER,47276883.16,45304458.9,45280002.04,
PI-EXEC-GOVERNADOR,2025,SECRETARIA DOS TRANSPORTES,TRANSPORTE,1592102363.69,1550654982.35,1528614142.1,
PI-EXEC-GOVERNADOR,2025,SECRETARIA DO TRABALHO E EMPREGO,ADMINISTRAÇÃO,2880.0,2880.0,2880.0,
PI-EXEC-GOVERNADOR,2025,SECRETARIA DO TRABALHO E EMPREGO,TRABALHO,5526290.83,5365236.05,5365236.05,
PI-EXEC-GOVERNADOR,2025,SECRETARIA DO TURISMO,COMÉRCIO E SERVIÇOS,138862925.85,134760552.13,133994868.68,
PI-EXEC-GOVERNADOR,2025,SECRETARIA ESTADUAL PARA INCLUSÃO DA PESSOA COM DEFICIÊNCIA,DIREITOS DA CIDADANIA,9762969.57,9514988.71,9484042.2,
PI-EXEC-GOVERNADOR,2026,CORPO DE BOMBEIROS MILITAR,SEGURANÇA PÚBLICA,63120922.62,59834204.03,52904898.22,
PI-EXEC-GOVERNADOR,2026,ENCARGOS GERAIS DO ESTADO,ENCARGOS ESPECIAIS,2668872910.27,2581485544.75,2449788664.31,
PI-EXEC-GOVERNADOR,2026,GOVERNADORIA DO ESTADO,ADMINISTRAÇÃO,299502238.76,275160675.99,260428335.95,
PI-EXEC-GOVERNADOR,2026,GOVERNADORIA DO ESTADO,ASSISTÊNCIA SOCIAL,66292412.35,58316227.42,55737695.42,
PI-EXEC-GOVERNADOR,2026,GOVERNADORIA DO ESTADO,DIREITOS DA CIDADANIA,44301947.48,42428185.44,39250408.49,
PI-EXEC-GOVERNADOR,2026,POLÍCIA MILITAR DO PIAUÍ,SEGURANÇA PÚBLICA,534892422.78,520111621.78,466010377.08,
PI-EXEC-GOVERNADOR,2026,PROCURADORIA GERAL DO ESTADO,ADMINISTRAÇÃO,53495990.86,50551434.82,45109151.29,
PI-EXEC-GOVERNADOR,2026,SECRETARIA DA ADMINISTRAÇÃO E PREVIDÊNCIA,ADMINISTRAÇÃO,353929277.03,317962031.91,294131114.79,
PI-EXEC-GOVERNADOR,2026,SECRETARIA DA ADMINISTRAÇÃO E PREVIDÊNCIA,PREVIDÊNCIA SOCIAL,2179307727.22,2057262765.17,2052721435.44,
PI-EXEC-GOVERNADOR,2026,SECRETARIA DA ADMINISTRAÇÃO E PREVIDÊNCIA,SANEAMENTO,120776582.88,120489319.01,110460678.61,
PI-EXEC-GOVERNADOR,2026,SECRETARIA DA ADMINISTRAÇÃO E PREVIDÊNCIA,SAÚDE,341572508.28,328705740.37,326956515.67,
PI-EXEC-GOVERNADOR,2026,SECRETARIA DA AGRICULTURA FAMILIAR,AGRICULTURA,117861519.43,85466488.6,77839039.05,
PI-EXEC-GOVERNADOR,2026,SECRETARIA DA AGRICULTURA FAMILIAR,ORGANIZAÇÃO AGRÁRIA,21221983.43,19315395.28,18776252.96,
PI-EXEC-GOVERNADOR,2026,"SECRETARIA DA ASSISTÊNCIA SOCIAL, TRABALHO E DIREITOS HUMANOS",ASSISTÊNCIA SOCIAL,142008045.63,122196412.83,116784498.39,
PI-EXEC-GOVERNADOR,2026,SECRETARIA DA ASSISTENCIA TECNICA E DEFESA AGROPECUARIA,AGRICULTURA,91894348.67,84443744.52,73745212.54,
PI-EXEC-GOVERNADOR,2026,SECRETARIA DA CULTURA,CULTURA,139931192.58,137036962.15,132994013.79,
PI-EXEC-GOVERNADOR,2026,SECRETARIA DA EDUCAÇÃO,ADMINISTRAÇÃO,5430562.52,3820731.37,3497017.14,
PI-EXEC-GOVERNADOR,2026,SECRETARIA DA EDUCAÇÃO,EDUCAÇÃO,3250533842.67,3077876565.01,2787418527.79,
PI-EXEC-GOVERNADOR,2026,SECRETARIA DA FAZENDA,ADMINISTRAÇÃO,377953350.72,321557724.9,291142967.27,
PI-EXEC-GOVERNADOR,2026,SECRETARIA DA FAZENDA,COMÉRCIO E SERVIÇOS,8878184.71,8075362.89,8075362.89,
PI-EXEC-GOVERNADOR,2026,SECRETARIA DA INFRAESTRUTURA,URBANISMO,523512078.15,502060960.74,492076920.35,
PI-EXEC-GOVERNADOR,2026,SECRETARIA DA IRRIGACAO E INFRAESTRUTURA HIDRICA,AGRICULTURA,155464380.22,147795205.55,144128009.02,
PI-EXEC-GOVERNADOR,2026,SECRETARIA DA JUSTIÇA,SEGURANÇA PÚBLICA,331058983.3,313124672.22,282135195.1,
PI-EXEC-GOVERNADOR,2026,SECRETARIA DA SAÚDE,SAÚDE,2874949933.85,2532102405.05,2466984764.92,
PI-EXEC-GOVERNADOR,2026,SECRETARIA DAS CIDADES,HABITAÇÃO,30632561.76,30443750.19,29147676.55,
PI-EXEC-GOVERNADOR,2026,SECRETARIA DAS CIDADES,SANEAMENTO,56366734.19,43263138.63,37974817.24,
PI-EXEC-GOVERNADOR,2026,SECRETARIA DAS CIDADES,TRANSPORTE,122186940.7,103327182.77,97989120.85,
PI-EXEC-GOVERNADOR,2026,SECRETARIA DAS CIDADES,URBANISMO,149559945.31,139893593.4,139195893.39,
PI-EXEC-GOVERNADOR,2026,SECRETARIA DA SEGURANÇA PÚBLICA,SEGURANÇA PÚBLICA,592138653.09,531083700.27,484899282.28,
PI-EXEC-GOVERNADOR,2026,SECRETARIA DAS MULHERES DO ESTADO DO PIAUI,ASSISTÊNCIA SOCIAL,3547549.52,2821408.27,2187224.59,
PI-EXEC-GOVERNADOR,2026,SECRETARIA DE COMUNICAÇÃO,COMUNICAÇÕES,85119789.95,84424464.24,83769582.34,
PI-EXEC-GOVERNADOR,2026,SECRETARIA DE DEFESA CIVIL,SEGURANÇA PÚBLICA,121692459.3,80868163.38,77670738.56,
PI-EXEC-GOVERNADOR,2026,SECRETARIA DE INTEGRAÇÃO E DESENVOLVIMENTO REGIONAL,ENERGIA,133492131.9,121678302.19,116931220.27,
PI-EXEC-GOVERNADOR,2026,"SECRETARIA DE INTELIGENCIA ARTIFICIAL, ECONOMIA DIGITAL, CIENCIA, TECNOLOGIA E INOVACAO",CIÊNCIA E TECNOLOGIA,15805080.09,14017070.16,13752858.81,
PI-EXEC-GOVERNADOR,2026,SECRETARIA DE RELACOES SOCIAIS DO ESTADO DO PIAUI,ADMINISTRAÇÃO,3504271.63,3386130.49,3086326.11,
PI-EXEC-GOVERNADOR,2026,SECRETARIA DO AGRONEGÓCIO E EMPREENDEDORISMO RURAL,AGRICULTURA,234855821.41,213051853.06,201697866.79,
PI-EXEC-GOVERNADOR,2026,SECRETARIA DO DESENVOLVIMENTO ECONÔMICO,ADMINISTRAÇÃO,22873796.8,15706317.64,15174659.67,
PI-EXEC-GOVERNADOR,2026,SECRETARIA DO DESENVOLVIMENTO ECONÔMICO,CIÊNCIA E TECNOLOGIA,19361593.25,17535993.18,16453800.0,
PI-EXEC-GOVERNADOR,2026,SECRETARIA DO DESENVOLVIMENTO ECONÔMICO,COMÉRCIO E SERVIÇOS,60004542.1,48588953.19,47986357.83,
PI-EXEC-GOVERNADOR,2026,SECRETARIA DO DESENVOLVIMENTO ECONÔMICO,EDUCAÇÃO,14130130.0,14130130.0,14130130.0,
PI-EXEC-GOVERNADOR,2026,SECRETARIA DO MEIO AMBIENTE E DOS RECURSOS HÍDRICOS,GESTÃO AMBIENTAL,48645375.67,31845640.53,30214197.67,
PI-EXEC-GOVERNADOR,2026,SECRETARIA DO PLANEJAMENTO,ADMINISTRAÇÃO,52730122.58,42265783.77,39789205.32,
PI-EXEC-GOVERNADOR,2026,SECRETARIA DO PLANEJAMENTO,ENERGIA,53083.56,53083.56,53083.56,
PI-EXEC-GOVERNADOR,2026,SECRETARIA DO PLANEJAMENTO,TRABALHO,201894.0,183728.0,183728.0,
PI-EXEC-GOVERNADOR,2026,SECRETARIA DOS ESPORTES,DESPORTO E LAZER,61386389.46,54284149.22,53269768.94,
PI-EXEC-GOVERNADOR,2026,SECRETARIA DOS TRANSPORTES,TRANSPORTE,1301586022.8,1266347657.22,1216014183.34,
PI-EXEC-GOVERNADOR,2026,SECRETARIA DO TRABALHO E EMPREGO,ADMINISTRAÇÃO,1527013.75,1172272.31,1172272.31,
PI-EXEC-GOVERNADOR,2026,SECRETARIA DO TRABALHO E EMPREGO,TRABALHO,73955157.96,64574248.52,64089327.2,
PI-EXEC-GOVERNADOR,2026,SECRETARIA DO TURISMO,COMÉRCIO E SERVIÇOS,86985694.01,77679113.74,73226888.4,
PI-EXEC-GOVERNADOR,2026,SECRETARIA ESTADUAL PARA INCLUSÃO DA PESSOA COM DEFICIÊNCIA,DIREITOS DA CIDADANIA,5184718.35,4640347.1,4192524.23,
