parlamentar_id,ano,num_contrato,orgao,nome_contratada,valor_contratado,objeto,status
PI-EXEC-GOVERNADOR,2023,127/2023,SECRETARIA DA SAÚDE,C.L. BEzERRA REPRESENTAÇÕES LTDA,255889150.0,REFORMA DA COBERTURA E DA INSTALAÇÃO ELÉTRICA DO PRÉDIO DA SESAPI.,Encerrado
PI-EXEC-GOVERNADOR,2023,340/2023,SECRETARIA DA SAÚDE,INTEGRA SAUDE DIGITAL TELEMEDICINA LTDA,180088627.0,"O objeto do presente contrato é a Contratação de solução inovadora e exclusiva denominada de Plataforma de Saúde Digital, de empresa especializada para implantação de projeto de modernização tecnológica da área da saúde para todos os municípios do estado do Piauí, que envolverá a prestação de serviços contínuos de telemedicina em Plataforma de Saúde Digital, incluindo a disponibilização das licenças com instalação, customização e treinamento, de tecnologia para compartilhamento de informações e emissão de laudos médicos  à distância, com interoperabilidade com outras bases de dados",Em vigência
PI-EXEC-GOVERNADOR,2023,070/2023,DER-PI - DEPARTAMENTO DE ESTRADAS DE RODAGEM DO PI,CONSORCIO SOLUBS,92284213.78,"Contratação de Empresa Especializada para a Execução de 672.000,00 m² de Pavimentação Asfáltica em diversas Vias dos Municípios localizados no Território de Desenvolvimento dos Cocais - TD-02, conforme especificações técnicas previstas no Termo de Referência e Projeto Básico.",Em vigência
PI-EXEC-GOVERNADOR,2023,086/2023,IDEPI - INSTITUTO DE DESENVOLVIMENTO DO PIAUI,CONSTRUTORA E INCORPORADORA SOMA LTDA,84833100.99,"REGISTRO DE PREÇOS PARA FINS DE FUTURA E EVENTUAL CONTRATAÇÃO DE EMPRESA PARA A REALIZAÇÃO DO SERVIÇO COMUM DE ENGENHARIA PARA INTERVENÇÃO NA INFRAESTRUTURA VIÁRIA EXISTENTE NOS MUNICÍPIOS LOCALIZADOS NO TERRITÓRIO DE DESENVOLVIMENTO DO VALE DO RIO GUARIBAS – TD6  OBJETIVANDO A (I) APLICAÇÃO DE CAPEAMENTO ASFÁLTICO EM CBUQ (CONCRETO BETUMINOSO USINADO A QUENTE) PARA    O MELHORAMENTO DE VIAS PAVIMENTADAS EM PARALELEPÍPEDO COM ÁREA DE 570.000,00 M² E (II) APLICAÇÃO DE PAVIMENTAÇÃO ASFÁLTICA EM TSD (TRATAMENTO SUPERFICIAL DUPLO) VISANDO O MELHORAMENTO DE “ESTRADAS VICINAIS  EM REVESTIMENTO PRIMÁRIO” COM ÁREA DE 570.000,00 M², TOTALIZANDO 1.140.000,00 M² DE PAVIMENTAÇÃO.",Aguarda informações
PI-EXEC-GOVERNADOR,2023,069/2023,IDEPI - INSTITUTO DE DESENVOLVIMENTO DO PIAUI,CONSTRUTURA OTIMA LTDA,84765396.19,"REGISTRO DE PREÇOS PARA FINS DE FUTURA E EVENTUAL CONTRATAÇÃO DE EMPRESA PARA A REALIZAÇÃO DO SERVIÇO COMUM DE ENGENHARIA PARA INTERVENÇÃO NA INFRAESTRUTURA VIÁRIA EXISTENTE NOS MUNICÍPIOS LOCALIZADOS NO TERRITÓRIO DE DESENVOLVIMENTO DA PLANÍCIE LITORÂNEA – TD 01 OBJETIVANDO A (I) APLICAÇÃO DE CAPEAMENTO ASFÁLTICO EM CBUQ (CONCRETO BETUMINOSO USINADO A QUENTE) PARA O MELHORAMENTO DE VIAS PAVIMENTADAS EM PARALELEPÍPEDO COM ÁREA DE 510.000,00 M² E (II) APLICAÇÃO DE PAVIMENTAÇÃO ASFÁLTICA EM TSD (TRATAMENTO SUPERFICIAL DUPLO) VISANDO O MELHORAMENTO DE “ESTRADAS VICINAIS EM REVESTIMENTO PRIMÁRIO” COM ÁREA DE 510.000,00 M², TOTALIZANDO 1.020.000,00 M² DE PAVIMENTAÇÃO.",Aguarda informações
PI-EXEC-GOVERNADOR,2023,018/2023,DER-PI - DEPARTAMENTO DE ESTRADAS DE RODAGEM DO PI,Construtora Jurema Ltda,83283526.97,"Execução dos Serviços de Conservação e Manutenção da Malha Rodoviária Estadual compreendendo as Rodovias Estaduais, Acessos de Ligação, Anéis, Contornos e Arcos do Território de Desenvolvimento Entre Rios – TD-04, que abrange as seguintes Rodovias: PI- 111; 112; 113; 130; 144; 221; 223; 231; 232; 236; 350; 363; 366; 383; 451 e ligação, trechos: Entr. BRr-343 / Olho D'Àgua do Piauí - 5 km; Estaca Zero / Agricolândia - 8 km; Agricolândia / São Pedro - 14 km; Olho D'Água do Piauí / Barro Duro - 10 km; Entr. BR-343 / Água Branca - 4 km; Entr. BR-343 / São Pedro do Piauí - 4 km; Entr. BR-343 / Regeneração - 6 km; Entr. BR-343 / Angical do Piauí - 3 km; Contorno de José de Freitas - 3 km; Agricolândia / Lagoinha do Piauí - 7 km; Entr. BR-343 / Santo Antonio dos Milagres - 3 km; Contorno de Regeneração - 7 km; Entr. PI-112 / Div. Maranhão - 10 km; Entr. BR-343 / Usina Santana - 11 km; Entr. PI-221 / Pau D'Arco - 17 km; Entr. PI-112(União) / Lagoa Alegre - 38 km; Teresina / União - 59 km; União / Miguel Alves - 53 km; Miguel Alves / Porto - 54 km; Teresina / Jose de Freitas - 37 km; Jose de Freitas / Cabeceiras - 45 km; Teresina / Palmeirais - 108 km; Palmeirais / Amarante - 45 km; Regeneração / Tanque - 66 km; Altos / Alto Longá - 39 km; Estaca Zero / Beneditinos - 32 km; Entr. BR-343 / São Gonçalo do Piauí - 6 km; Entr. BR-316 / Miguel Leão - 18 km; Agua Branca / Hugo Napoleão - 13 km; Entr. BR-316 / Curralinhos - 18 km; Entr. PI-112 / David Caldas - 11 km; José de Freitas / Lagoa Alegre - 29 km; Entr. BR-343(Angical do Piauí) / Jardim do Mulato - 12 km; Alto Longá / São João da Serra - 53 km, com extensão total de 848,00 km.",Rescindido
PI-EXEC-GOVERNADOR,2023,087/2023,IDEPI - INSTITUTO DE DESENVOLVIMENTO DO PIAUI,CONSTRUTORA E INCORPORADORA SOMA LTDA,80445804.53,"REGISTRO DE PREÇOS PARA FINS DE FUTURA E EVENTUAL CONTRATAÇÃO DE EMPRESA PARA A REALIZAÇÃO DO SERVIÇO COMUM DE ENGENHARIA PARA INTERVENÇÃO NA INFRAESTRUTURA VIÁRIA EXISTENTE NOS MUNICÍPIOS LOCALIZADOS NO TERRITÓRIO DE DESENVOLVIMENTO DO VALE DO RIO ITAIM – TD 12  OBJETIVANDO A (I) APLICAÇÃO DE CAPEAMENTO ASFÁLTICO EM CBUQ (CONCRETO BETUMINOSO USINADO A QUENTE) PARA    O MELHORAMENTO DE VIAS PAVIMENTADAS EM PARALELEPÍPEDO COM ÁREA DE 510.000,00 M² E (II) APLICAÇÃO DE PAVIMENTAÇÃO ASFÁLTICA EM TSD (TRATAMENTO SUPERFICIAL DUPLO) VISANDO O MELHORAMENTO DE “ESTRADAS VICINAIS  EM REVESTIMENTO PRIMÁRIO” COM ÁREA DE 510.000,00 M², TOTALIZANDO 1.020.000,00 M² DE PAVIMENTAÇÃO.",Aguarda informações
PI-EXEC-GOVERNADOR,2023,083/2023,DER-PI - DEPARTAMENTO DE ESTRADAS DE RODAGEM DO PI,CONSORCIO VALE DOS RIOS PIAUI E ITAUEIRA,79829850.91,"Contratação de Empresa Especializada para a Execução de 528.000 m² de Pavimentação Asfáltica em diversas Vias dos Municípios localizados no Território de Desenvolvimento do Vale dos Rios Piauí e Itaueira - TD-09, conforme especificações técnicas previstas no Termo de Referência e Projeto Básico.",Em vigência
PI-EXEC-GOVERNADOR,2023,016/2023,DER-PI - DEPARTAMENTO DE ESTRADAS DE RODAGEM DO PI,PRO ENGENHARIA ,79624921.42,"Execução dos Serviços de Conservação e Manutenção da Malha Rodoviária Estadual compreendendo as Rodovias Estaduais, Acessos de Ligação, Anéis, Contornos e Arcos do Território de Desenvolvimento Chapada das Mangabeiras – TD-11, que abrange as seguintes Rodovias: PI-235; PI-252; PI-255; PI-257; PI-262; PI-280; PI-394; PI-395; PI-411; PI413; PI-415; LIGAÇÃO e outros, trechos: Entr. BR-135 / Alvorada do Gurguéia - 2,00 km; Bom Jesus / Currais - 8,00 km; Entr. BR-135 / Santa Luz - 15,00 km; Corrente / Parnagua - 78,00 km; Parnagua / Curimata - 48,00 km; Curimatá / Avelino Lopes - 44,00 km; Entr. BR-135 / Redenção do Gurguéia - 2,00 km; Curimata/ Redenção do Gurgueia - 84,00 km; Entr. BR-135 / Palestina - 12,00 km; Entr. BR-135 / Barreiras do Piauí - 20,00 km; Colônia do Gurguéia / Pov. Colônia do Padre - 8,00 km; Entr. BR-135 / Palmeira do Piauí - 10,00 km; Corrente / Riacho Frio - 49,00 km; Curimatá / Júlio Borges - 40,00 km; Entr. PI-255(Corrente) / Sebastião Barros - 58,00 km, com extensão total de 478,00 km.",Rescindido
PI-EXEC-GOVERNADOR,2023,067/2023,DER-PI - DEPARTAMENTO DE ESTRADAS DE RODAGEM DO PI,Construtora Jurema Ltda,73563152.49,"Contratação de Empresa Especializada para a Execução de 444.000,00 m² de Pavimentação Asfáltica em diversas Vias dos Municípios localizados no Território de Desenvolvimento dos Carnaubais - TD-03, conforme especificações técnicas previstas no Termo de Referência e Projeto Básico.",Rescindido
PI-EXEC-GOVERNADOR,2023,029/2023,SECRETARIA DAS CIDADES,TRATORCENTER PEÇAS E SERVIÇOS LTDA,62759315.22,"Registro de preços para fins de futura e eventual contratação de empresa para a realização do serviço comum de engenharia para Intervenção na infraestrutura viária existente nos municípios localizados no Território de Desenvolvimento Serra da Capivara – TD08 objetivando a aplicação de capeamento asfáltico em CBUQ (Concreto Betuminoso Usinado a Quente) para o melhoramento de vias pavimentadas em paralelepípedo com área de 695.324,00 m², mediante o regimento empreitada por preço unitário.",Em vigência
PI-EXEC-GOVERNADOR,2023,146/2023,SECRETARIA DA SAÚDE,ALIANCA HOSPITALAR LTDA,61799750.0,Registro de Preços para futura e eventual contratação de empresa especializada no fornecimento de MEDICAMENTOS DESERTOS E FRACASSADOS DO PREGÃO ELETRÔNICO Nº 044/2021.,Encerrado
PI-EXEC-GOVERNADOR,2023,549/2023,SECRETARIA DE ESTADO DA ADMINISTRACAO,FOX INLINE SERVIÇOS DE TECNOLOGIA DA INFORMAÇÃO LTDA,59400000.0,"O presente Contrato tem por objeto a Contratação de empresa especializada na
prestação de serviços de regularização fundiária com fornecimento de
ferramenta tecnológica específica, devidamente alimentada com os dados
referentes a imóveis e ocupantes das áreas estaduais objeto de Demarcação
Urbanística promovidas pelo Estado do Piauí, com vistas à promoção da
regularização fundiária urbana das ocupações em imóveis estaduais.",Em vigência
PI-EXEC-GOVERNADOR,2023,017/2023,DER-PI - DEPARTAMENTO DE ESTRADAS DE RODAGEM DO PI,Construtora Hidros Ltda,56976989.18,"Execução dos Serviços de Conservação e Manutenção da Malha Rodoviária Estadual compreendendo as Rodovias Estaduais, Acessos de Ligação, Anéis, Contornos e Arcos do Território de Desenvolvimento Tabuleiros Alto Parnaíba – TD-10, que abrange as seguintes Rodovias: PI-218; PI-219; PI-240; PI-247; PI-272; PI-392 e outros, trechos: Jerumenha / Guadalupe; Marcos Parente / Landri Sales; Entr. BR-135 / Landri Sales; Entr. BR-343(Santa Fé) / Canavieira; Entr. PI-247 / Antonio Almeida; Marcos Parente / Antonio Almeida; Entr. BR-135 / Marcos Parente; Sebastião Leal / Uruçuí; Uruçuí / Ribeiro Gonçalves; BR 343 / Sebastiao Leal ; Marcos Parente / Porto Alegre do Piauí; Entr. PI - 247 / Baixa Grande do Ribeiro, com extensão total de 535,00 km.",Em vigência
PI-EXEC-GOVERNADOR,2023,011/2023,AGÊNCIA DE ATRAÇÃO DE INVESTIMENTOS ESTRATÉGICOS DO PIAUÍ ,DTA ENGENHARIA LTDA,56598482.95,"Contratação de empresa especializada para a execução de obras de implantação de cais de atracação para instalação do terminal pesqueiro de Luís Correia-PI (TPLC) e dragagem do canal de acesso, bacia de evolução e berço de atracação do TPLC, conforme especificações, quantidades e condições estabelecidas no Edital e seus anexos. ",Encerrado
PI-EXEC-GOVERNADOR,2023,004/2023,DER-PI - DEPARTAMENTO DE ESTRADAS DE RODAGEM DO PI,CONSTRUTORA E INCORPORADORA SOMA LTDA,49963405.31,"Execução dos Serviços de Conservação e Manutenção da Malha Rodoviária Estadual compreendendo as Rodovias Estaduais, Acessos de Ligação, Anéis, Contornos e Arcos do Território de Desenvolvimento Vale do Rio Canindé – TD-07, que abrange as seguintes Rodovias: PI-143; PI-217; PI-236; PI-239; PI-241; PI-242; PI-245; PI-249 e Ligação, trechos: Entr. Pi-143 / Santo Inácio Do Piauí - 25km; Santo Inácio / Wall Ferraz - 26km; Wall Ferraz / Santa Cruz Do Piauí - 24km; Entr. Br-230(Oeiras) Santa Cruz Do Piauí - 47km; Oeiras / Colônia Do Piauí - 25km; Colônia Do Piauí / Simplício Mendes - 78km; Entr. Br-230(Oeiras) / Tanque Do Piauí - 58km; Entr. Pi-236 / Santa Rosa Do Piauí - 20km; Santa Rosa Do Piauí / Cajazeiras Do Piauí - 17km; Cajazeiras Do Piauí / Arraial - 27km; Entr. Pi-143 / Paes Landim - 42km; Entr. Br-020 / Bela Vista Do Piauí - 12km; Entr. Br-020(Simplicio Mendes) / Conceição Do Canindé - 42km; Simplicio Mendes / Isaías Coelho - 34km; Isaías Coelho / Vera Mendes - 32km; Entr. Pi-245 / Campinas Do Piauí - 27km; Entr. Pi-241 / Campinas Do Piauí - 24km; Santo Inácio / Floresta Do Piauí - 16km; Entr. Br-230 / São Francisco do Piauí - 35km; São Francisco Do Piauí / São José Do Peixe - 32km; Entr. Pi-143 / São Miguel Do Fidalgo - 45km, Entr. Pi-249 / Pov. Morros Dos Cavalos – 3km, com extensão total de 691,00 km.",Rescindido
PI-EXEC-GOVERNADOR,2023,528/2023,SECRETARIA DA SAÚDE,R. MELO CONSTRUÇÕES LTDA.,48092734.3,"EXECUÇÃO DA OBRA DE AMPLIAÇÃO E REFORMA DO HOSPITAL ESTADUAL DIRCEU ARCOVERDE, no município de Parnaíba -PI",Em vigência
PI-EXEC-GOVERNADOR,2023,014/2023,DER-PI - DEPARTAMENTO DE ESTRADAS DE RODAGEM DO PI,COMPANHIA AGRÍCOLA MINERADORA E CONSTRUTORA ICARAÍ LTDA,47910861.95,"Execução dos Serviços de Conservação e Manutenção da Malha Rodoviária Estadual compreendendo as Rodovias Estaduais, Acessos de Ligação, Anéis, Contornos e Arcos do Território de Desenvolvimento dos Carnaubais – TD-03, que abrange as seguintes Rodovias: PI- 113; 114; 115; 221; 320; 322; 323; 331 e ligação, trechos: Cabeceiras / Barras - 26 km; Campo Maior / Cabeceiras do Piauí - 44 km; Castelo do Piauí / São Miguel do Tapuio - 35 km; São Miguel do Tapuio / Assunção do Piauí - 54 km; Juazeiro do Piauí / Castelo do Piauí - 32 km; Entr. BR-343 (Campo Maior) / Juazeiro do Piauí - 73 km; Entr. PI-451 / Novo Santo Antônio - 30 km; Entr. BR-343 / Jatobá do Piauí - 44 km; Entr. BR-343 / Nossa Senhora de Nazaré - 15 km; Entr. PI-115 / Buriti dos Montes - 41 km; Buriti dos Montes / Div. Ceará - 21 km; Entr. PI-115 / Sigefredo Pacheco - 33 km; Entr. BR-343 / Boqueirão do Piauí - 21 km; Boqueirão do Piauí / Boa Hora - 11 km; Boa Hora / Entr. PI-111 - 19 km, com extensão total de 499,00 km.",Rescindido
PI-EXEC-GOVERNADOR,2023,006/2023,DER-PI - DEPARTAMENTO DE ESTRADAS DE RODAGEM DO PI,CONSTRUTORA SANTA INÊS LTDA.,46847646.68,"Execução dos Serviços de Conservação e Manutenção da Malha Rodoviária Estadual compreendendo as Rodovias Estaduais, Acessos de Ligação, Anéis, Contornos e Arcos do Território de Desenvolvimento Vale dos Rios Piauí e Itaueira – TD-09, que abrange as seguintes Rodovias: PI-120; PI-140; PI-141; PI-248; PI-249; PI-270; PI-381; PI-463; PI-464; ANEL e Ligação, trechos: Floriano / Itaueira - 100km; Itaueira / Canto Do Buriti - 61km; Canto Do Buriti / São Raimundo Nonato - 112km; Eliseu Martins / Canto Do Buriti - 84km; Entr. Pi-140 / Rio Grande Do Piauí - 10km; Rio Grande Do Piauí / Pavussu - 26km; Entr. Pi-140 / Flores Do Piauí - 15km; Flores Do Paiuí / Ribeiro Do Piauí - 25km; Entr. Pi 140 / Pajeú Do Piauí - 21km; Entr. Pi-140 / Brejo Do Piauí - 8km; Brejo Do Piauí / São João Do Piauí - 69km; Entr. Pi-140 / Tamboril Do Piauí - 4km; Entr. Br-020 / Pedro Laurentino - 28km; Pedro Laurentino / Paes Landim - 39km; Paes Landim / Socorro Do Piauí - 29km; Paes Landim / São Miguel Do Fidalgo - 29km; Entr. Br-343 / Francisco Ayres - 15km; Francisco Ayres / Arraial - 19km; São José Do Peixe / São Miguel Do Fidalgo - 25km; Rodoanel De Canto Do Buriti - 11km, com extensão total de 730,00 km.",Rescindido
PI-EXEC-GOVERNADOR,2023,060/2023,DER-PI - DEPARTAMENTO DE ESTRADAS DE RODAGEM DO PI,BS CONSTRUÇÕES EIRELI,46389483.66,"CONTRATAÇÃO DE EMPRESA DE ENGENHARIA PARA EXECUÇÃO DOS SERVIÇOS DE RECUPERAÇÃO DA PAVIMENTAÇÃO ASFÁLTICA DA RODOVIA ESTADUAL PI-115 EM CONCRETO BETUMINOSO USINADO A QUENTE (CBUQ), TRECHO ENTRE OS MUNICÍPIOS DE CAMPO MAIOR, JUAZEIRO DO PIAUÍ, CASTELO DO PIAUÍ E SÃO MIGUEL DO TAPUIO, COM EXTENSÃO DE 140,00 KM.",Em vigência
PI-EXEC-GOVERNADOR,2023,066/2023,DER-PI - DEPARTAMENTO DE ESTRADAS DE RODAGEM DO PI,CONSTRUTORA SANTA INÊS LTDA.,45925123.72,"CONTRATACÃO DE EMPRESA PARA SERVIÇOS DE MELHORAMENTO DA IMPLANTACÃO E PAVIMENTAÇÃO ASFÁLTICA EM TRATAMENTO SUPERFICIAL DUPLO (TSD) COM BANHO DILUÍDO, NA PISTA DE ROLAMENTO COM 6,00M, E TRATAMENTO SUPERFICIAL SIMPLES (TSS) COM 1,00M PARA CADA LADO NOS ACOSTAMENTOS, NA RODOVIA PI - 225, TRECHO: AROAZES –PI / SANTA CRUZ DOS MILAGRES – PI, COM 49,24 KM DE EXTENSÃO TOTAL, LOCALIZADO NO TERRITÓRIO DE DESENVOLVIMENTO TD 5 - VALE DO SAMBITO.",Encerrado
PI-EXEC-GOVERNADOR,2023,012/2023,SECRETARIA DA SEGURANÇA PÚBLICA,MOTOROLA SOLUTIONS LTDA,45813875.79,"Aquisição de equipamentos para instalação e expansão do sistema de  radiocomunicação  digital,  no  padrão  DMR  (Digital  Mobile  Radio),  TIER  III,  na  faixa  de  frequência  de  136  MHz  a  174  MHz,  bem  como  em  seu licenciamento junto à ANATEL, para atender às necessidades das FORÇAS DE SEGURANÇA PÚBLICA DO ESTADO DO PIAUÍ nas comunicações de voz digital sem fio",Em vigência
PI-EXEC-GOVERNADOR,2023,013/2023,DER-PI - DEPARTAMENTO DE ESTRADAS DE RODAGEM DO PI,CERRADO ENGENHARIA INCORPORADORA EIRELLI,43780575.2,"Execução dos Serviços de Conservação e Manutenção da Malha Rodoviária Estadual compreendendo as Rodovias Estaduais, Acessos de Ligação, Anéis, Contornos e Arcos do Território de Desenvolvimento Vale do Rio Sambito – TD-05, que abrange as seguintes Rodovias: PI-120; PI-224; PI-225; PI-237; PI-469 e Ligação, trechos: Valença Do Piauí / Lagoa Do Sítio - 24km; Valença Do Piauí / Pimenteiras - 42km; Entr. Br 316(Valença) / Novo Oriente Do Piauí - 20km; Novo Oriente Do Piauí / Barra Do Alcântara - 25km; Barra Do Alcântara / Várzea Grande - 17km; Tanque Do Piauí / Várzea Grande - 8km; Várzea Grande / Francinópolis - 16km; Francinópolis / Elesbão Veloso / Entr. Br 316 - 29km; Entr. Br-316 / Aroazes - 23km; Entr. Br 316 / São Miguel Da Baixa Grande - 24km; São Miguel Da Baixa Grande / São Felix Do Piauí - 11km; São Feliz Do Piauí / Santa Cruz Dos Milagres - 24km; São Miguel Da Baixa Grande / Prata Do Piauí - 27km; Entr. Br316 / Valença Do Piauí – 5,0 km, com extensão total de 295,00 km.",Encerrado
PI-EXEC-GOVERNADOR,2023,069/2023,DER-PI - DEPARTAMENTO DE ESTRADAS DE RODAGEM DO PI,CONSORCIO S & B PI-110,43759477.92,"CONTRATAÇÃO DE EMPRESA DE ENGENHARIA PARA CONCLUSÃO DOS SERVIÇOS DE MELHORAMENTO DA IMPLANTAÇÃO E PAVIMENTAÇÃO ASFÁLTICA EM TRATAMENTO SUPERFICIAL DUPLO - (TSD), NA PISTA E TRATAMENTO SUPERFICIAL SIMPLES (TSS), NOS ACOSTAMENTOS DA RODOVIA ESTADUAL PI-110, TRECHO: BARRAS-PI/ MIGUEL ALVES-PI, EXTENSÃO DE 77,054 KM, NOS TERRITÓRIOS DE DESENVOLVIMENTO COCAIS (TD2) E ENTRE RIOS (TD4)",Encerrado
PI-EXEC-GOVERNADOR,2023,019/2023,DER-PI - DEPARTAMENTO DE ESTRADAS DE RODAGEM DO PI,PAC ENGENHARIA LTDA,43305849.48,"Execução dos Serviços de Conservação e Manutenção da Malha Rodoviária Estadual compreendendo as Rodovias Estaduais, Acessos de Ligação, Anéis, Contornos e Arcos do Território de Desenvolvimento Planície Litorânea – TD-01, que abrange as seguintes Rodovias: PI-211; 213; 309; 305; 303; 116; 315; 301; 302 e ligação, trechos: Entr. BR-343 / Joaquim Pires - 65km; Entr. PI-211 / Murici dos Portelas - 8km; Entr. BR-343 / Cocal - 20km; Cocal / Div. Ceará - 21km; Cocal / Cocal dos Alves - 20km; Entr. BR-343 / Caraúbas do Piauí - 13km; Caraúbas do Piauí / Caxingó - 9km; Entr. PI-211 / Caxingó - 13km; Entr. BR-343 / Bom Princípio do Piauí - 18km; Buriti dos Lopes / Barra do Longá - 7km; Luis Correia / Entr. BR-402(Camurupim) - 39km; Entr. PI-116 / Macapá - 7km; Entr. PI-116 / Lagoa do Sobradinho - 4km; Entr. PI-210 / Cajueiro da Praia - 19km; Entr. PI-301 / Barra Grande - 13km; Parnaíba / Pedra do Sal - 16km; Entr. PI-116 / Ilha Grande - 8km; BR343/Cocal/Entrº BR-402 - 69km; Entrº BR 343/Lagoa do Portinho - 12 km; Entrº PI-211/ Povoado Coroa São Remídio – 9,0 km, com extensão total de 390,00 km.",Rescindido
PI-EXEC-GOVERNADOR,2023,007/2023,DER-PI - DEPARTAMENTO DE ESTRADAS DE RODAGEM DO PI,CONSÓRCIO S & B,42788986.28,"Execução dos Serviços de Conservação e Manutenção da Malha Rodoviária Estadual compreendendo as Rodovias Estaduais, Acessos de Ligação, Anéis, Contornos e Arcos do Território de Desenvolvimento dos Cocais – TD-02, que abrange as seguintes Rodovias: PI-211; 213; 309; 305; 303; 116; 315; 301; 302 e ligação, trechos: Pedro II / Serra - 12 km; Contorno de Esperantina - 4 km; Rodoanel de Barras - 2 km; Entr. PI-214 / Joca Marques - 10 km; Joca Marques / Madeiro - 9 km; Barras / Batalha - 35 km; Batalha / Piracuruca - 44 km; Piracuruca / Entr. BR-222 - 32 km; Entr. PI-110 / Piripiri - 55 km; Entr. BR-222 / Piracuruca - 32 km; Porto / Campo Largo - 14 km; Campo Largo / Matias Olimpio - 16 km; Matias Olimpio / Entr. PI-214 - 23 km; Luzilândia / Joaquim Pires - 28 km; Barras / Divi. Terr. Carnaubais - 13 km; Contorno de Luzilândia - 4 km; Entr. PI-213 / Joaquim Pires - 41 km; Nossa Senhora dos Remédios / Porto - 14 km; Barras / Nossa Senhora dos Remédios - 50 km; Esperantina / Cachoeira do Urubu - 19 km; Esperantina / Morro do Chapeu - 18 km; Morro do Chapeu / Luzilândia - 42 km; Entr. BR-404 / Milton Brandão - 25 km; Entr. BR-222 / Domingos Mourão - 49 km; Entr. BR-343 / São José do Divino - 18 km; Piripiri / Caldeirão / Lagoa do S. Francisco / Entr. BR-404 - 50 km; Entr. BR-343( Piripiri)/ Pedro II - 45 km; Pedro II / Div. PI/CE - 22 km, com extensão total de 736,00 km.",Rescindido
PI-EXEC-GOVERNADOR,2023,334/2023,SECRETARIA DA SAÚDE,CETUS CONTRUTORA LTDA ,42494338.44,"Constitui objeto deste contrato os serviços comum de Engenharia para Manutenção Preventiva e Corretiva das instalações Físicas Prediais e Equipamentos Públicos, com fornecimento de mão de obra, materiais e peças de reposição, por percentual de desconto sobre as tabelas de serviços da SEINFRA 27 e 27.1 para atender as necessidades da Secretaria de Estado da Saúde - SESAPI  – Termo de Referência do edital e na proposta da CONTRATADA.",Em vigência
PI-EXEC-GOVERNADOR,2023,152/2023,SECRETARIA DA SAÚDE,CENTRAL DE LAUDOS E SERVIÇOS LTDA - ME,41140440.0,Contratação de empresa para prestação de SERVIÇOS DE LOCAÇÃO DE EQUIPAMENTOS MÉDICO HOSPITALARES para suprir a demanda do Hospital Getúlio Vargas e Hospital Regional Justino Luz por um período de 12 (doze) meses.,Em vigência
PI-EXEC-GOVERNADOR,2023,50/2023,ASSEMBLEIA LEGISLATIVA,CONSTRUTORA ROSACON LTDA,39744072.22,CONTRATAÇÃO DE EMPRESA ESPECIALIZADA DE ENGENHARIA/ARQUITETURA PARA EXECUÇÃO DAS OBRAS E SERVIÇOS DE REFORMA DA ASSEMBLEIA LEGISLATIVA DO ESTADO DO PIAUÍ.,Rescindido
PI-EXEC-GOVERNADOR,2023,30/2023,FUNDO ESPECIAL DE REAPARELHAMENTO E MODERNIZAÇÃO DO PODER JUDICIÁRIO,SPE PIAUI CONECTADO S.A,39245363.4,"O objeto deste instrumento é Contratação de empresa especializada para fornecimento de links dedicados e simétricos com segurança e alta disponibilidade, com recursos de segurança em cada perímetro de rede instalado, ferramentas e serviço para análise e mitigação de vulnerabilidades web e link seguro de acesso à rede mundial de computadores (internet), interligando as redes de todas as Unidades do Poder Judiciário do Estado do Piauí.",Rescindido
PI-EXEC-GOVERNADOR,2023,001/2023,SECRETARIA DA SAÚDE,LAV NORTE LAVANDERIA LTDA,39187008.0,"Contratação de serviços de LAVANDERIA HOSPITALAR, com Lavanderia Hospitalar Externa, com fornecimento de enxoval, processamento de roupas hospitalares e logística de distribuição, coleta, armazenamento e controle de estoque de enxoval hospitalar, locação de enxoval, inclusos processamento de rouparia hospitalar e controle na gestão das peças utilizando tecnologia informatizada para monitoramento e rastreabilidade do enxoval hospitalar, de acordo com as normas sanitárias preconizadas pela ANVISA (RDC nº 6, de 30 de janeiro de2012) e pelas demais normas que regulamentam a prestação deste serviço (TIPO 1).",Encerrado
PI-EXEC-GOVERNADOR,2023,002/2023,DER-PI - DEPARTAMENTO DE ESTRADAS DE RODAGEM DO PI,CONSTRUTORA E INCORPORADORA SOMA LTDA,34984683.51,"Execução dos Serviços de Conservação e Manutenção da Malha Rodoviária Estadual compreendendo as Rodovias Estaduais, Acessos de Ligação, Anéis, Contornos e Arcos do Território de Desenvolvimento Vale do Rio Guaribas – TD-06, que abrange as seguintes Rodovias: PI-142; PI-227; PI-228; PI-229; PI-238; PI-242; PI-245; PI-375; PI-379; PI380; PI-455; PI-460 e Ligação, trechos: Entr. Br 407 / Itainópolis - 40km; Itainópolis / Veras Mendes - 19km; Entr. Br-316 / Santa Cruz Do Piauí - 26km; Santa Cruz Do Piauí / Paquetá - 11km; Entr. Br 316 / Paquetá - 23km; Picos / Aroeira Do Itaim - 28km; Picos / Santana Do Piauí - 18km; Sussuapara / São José Do Piauí - 20km; São José Do Piauí / Inhuma - 43km; Picos / Sussuapara / Bocaina - 18km; Bocaina / São João Da Canabrava - 17km; São João Da Canabrava / São Luis Do Piauí - 4km; Entr. Br-316 / Francisco Santos - 14km; Entr. Br-020 / Francisco Santos - 7km; Entr. Br-020 / Monsenhor Hipólito - 18km; Entr. Br-316(Campo Grande Do Piauí) / Monsenhor Hipólito - 16km; Entr. Br-316 / Alagoinha Do Piauí - 19km; Entr. Br-230 / São Julião - 5km; Pio Ix / Fronteiras - 34km; Entr. Pi-142 / Fábrica De Cimento - 17km; Entr. Br-020 / Pio Ix - 40km; Entr. Brr-316(Campo Grande Do Piauí) / Div. Terr. Rio Itaim - 19km; Vila Nova Do Piauí / Pov. São João - 12km; Picos / Pov. Tabatinga - 12km; Picos / Pov. Santa Luzia - 13km; - Picos / Pov. Gameleira – 13,00 km, com extensão total de 506,00 km.",Rescindido
PI-EXEC-GOVERNADOR,2023,04/2023,AGÊNCIA REGULADORA DOS SERVIÇOS PÚBLICOS DELEGADOS DO ESTADO DO PIAUÍ,MIRACEU TURISMO LTDA,33323285.33,"Registro de Preços para fins de contratação de empresa para prestação de serviços continuados sem dedicação exclusiva de mão de obra de agenciamento de viagens, compreendendo os serviços de reserva, de emissão, de alteração, de marcação, de remarcação e de cancelamento de passagens aéreas nacionais e internacionais e demais serviços correlatos, a fim de atender às necessidades da Secretaria de Estado da Administração e demais órgãos integrantes do Governo do Estado do Piauí.",Em vigência
PI-EXEC-GOVERNADOR,2023,005/2023,DER-PI - DEPARTAMENTO DE ESTRADAS DE RODAGEM DO PI,CONSTRUTORA RENATA LTDA,33157153.97,"Execução dos Serviços de Conservação e Manutenção da Malha Rodoviária Estadual compreendendo as Rodovias Estaduais, Acessos de Ligação, Anéis, Contornos e Arcos do Território de Desenvolvimento Serra da Capivara – TD-08, que abrange as seguintes Rodovias: PI-140; PI-144; PI-459; PI-462; PI-465; PI-466; PI-467; PI-468 e Ligação, trechos: São Raimundo Nonato / São Braz Do Piauí - 27km; São Braz Do Piauí / Anísio De Abreu - 15km; Anísio De Abreu / Jurema - 13km; Jurema / Caracol - 24km; Anísio De Abreu / Várzea Branca - 11km; Várzea Branca / Bonfim Do Piauí - 14km; Entr. Br-020 / Bonfim Do Piauí - 16km; São Raimundo Nonato / São Lourenço Do Piauí - 22km; São Lourenço Do Piauí / Dirceu Arcoverde - 22km; Dirceu Arcoverde / Div. Bahia - 10km; Entr. Br-020 / João Costa - 15km; Cel. José Dias / Parq. Serra Da Capivara - 14km; São João Do Piauí / Campo Alegre Do Fidalgo - 48km; Campo Alegre Do Fidalgo / Lagoa Do Barro - 42km; Entr. Br-020 / Fartura Do Piauí - 21km; Entr. Pi-459 / São Francisco De Assis Do Piauí - 18km; Entr. Pi-459 / Cap. Gervásio de Oliveira - 18km; Entr. Br-020 / Barragem Do Jenipapo – 15km, Dom Inocêncio / Ingazeira – 46km, com extensão total de 483,00 km.",Rescindido
PI-EXEC-GOVERNADOR,2023,010/2023,AGÊNCIA DE ATRAÇÃO DE INVESTIMENTOS ESTRATÉGICOS DO PIAUÍ ,DTA ENGENHARIA LTDA,32718300.0,"Contratação de empresa especializada para a execução de obras de implantação de cais de atracação para instalação do terminal pesqueiro de Luís Correia-PI (TPLC) e dragagem do canal de acesso, bacia de evolução e berço de atracação do TPLC, conforme especificações, quantidades e condições estabelecidas no Edital e seus anexos. ",Encerrado
PI-EXEC-GOVERNADOR,2023,003/2023,DER-PI - DEPARTAMENTO DE ESTRADAS DE RODAGEM DO PI,CERRADO ENGENHARIA INCORPORADORA EIRELLI,30204477.74,"Execução dos Serviços de Conservação e Manutenção da Malha Rodoviária Estadual compreendendo as Rodovias Estaduais, Acessos de Ligação, Anéis, Contornos e Arcos do Território de Desenvolvimento Chapada Vale do Rio Itaim – TD-12, que abrange as seguintes Rodovias: PI-142; PI-143; PI-227; PI-229; PI-243; PI-456; PI-457; PI-458; PI-459; PI461 e Ligação, trechos: Marcolândia / Caldeirão Grande Do Piauí - 14km; Marcolândia / Simões - 30km; Simões / Curral Novo Do Piauí - 30km; Entr. Pi-456 / Caridade Do Piauí - 18km; Caridade Do Piauí / Curral Novo - 18km; Jaicós / Belém Do Piauí - 19km; Belém Do Piauí / Padre Marcos - 10km; Padre Marcos / Francisco Macedo - 14km; Jaicós / Div. Vale Do Guariba - 10km; Jaicós / Massapê Do Piauí - 12km; Paulistana / Betânia Do Piauí - 47km; Paulistana / Pov. Tigre - 32km; Jacobina Do Piauí / Conceição Do Canindé - 57km; Entr. Br 407(Pipocas) / Queimada Nova - 50km; Entr. Br-407 / Pov. Várzea Queimada - 7km. . Lagoa Do Barro / Queimada Nova – 20km, Entr. Pi-459 / Curral Novo Do Piauí – 50km, Entr. Br-407 (Jacobina Do PI) / Pov. Juazeiro Do Secundo – 12km, Caldeirão Grande / Fronteiras – 32km, com extensão total de 482,00 km.",Rescindido
PI-EXEC-GOVERNADOR,2023,072/2023,DER-PI - DEPARTAMENTO DE ESTRADAS DE RODAGEM DO PI,Construtora Jurema Ltda,30111227.03,"CONTRATAÇÃO DE EMPRESA PARA OS SERVIÇOS DE MELHORAMENTO DA IMPLANTAÇÃO E PAVIMENTAÇÃO ASFÁLTICA EM TRATAMENTO SUPERFICIAL DUPLO COM BANHO DILUÍDO (TSD) NA PISTA DE ROLAMENTO E TRATAMENTO SUPERFICIAL SIMPLES (TSS) NOS ACOSTAMENTOS, NA RODOVIA PI-258. TRECHO: DOMINGOS MOURÃO A DIVISA (PI/CE), COM EXTENSÃO DE 20,23KM.",Encerrado
PI-EXEC-GOVERNADOR,2023,6/2023,SECRETARIA DO MEIO AMBIENTE E RECURSOS HIDRICOS,INSTITUTO NEGOCIOS PUBLICOS DO BRASIL - ESTUDOS E PESQUISAS NA ADMNIISTRACAO PUBLICA - INP – LTDA,29400000.0,Contratação de empresa de notória especialização e natureza singular que promoverá treinamento e aperfeiçoamento através do 18º Congresso Brasileiro de Pregoeiros para os servidores do setor de Licitação da Secretaria do Meio Ambiente e Recursos Hídrico do Estado do Piauí,Encerrado
PI-EXEC-GOVERNADOR,2023,04/2023,SECRETARIA DE ESTADO DE JUSTIÇA E DOS DIREITOS HUMANOS,R Melo Construtora LTDA.,28779353.81,"Contratação de empresa de engenharia para a Execução de Obra de Engenharia para a Construção da Casa de Detenção Provisória de Buriti dos Lopes com capacidade para 307 vagas, na BR 343, no município de Buriti dos Lopes/PI.",Encerrado
PI-EXEC-GOVERNADOR,2023,010/2023,Companhia Ferroviária e de Logística do Piauí (Metrô),EAGLE CONSULTORIA ECONOMICA E DE ENGENHARIA LTDA,27457490.5,"contratação de empresa especializada para execução dos serviços técnicos de elaboração de Estudos técnicos e projetos para implantação do sistema porto, hidro e ferroviário do Estado do Piau",Encerrado
PI-EXEC-GOVERNADOR,2024,72/2024,TCE - TRIBUNAL DE CONTAS DO ESTADO DO PIAUI,LANLINK SOLUÇÕES E COMERCIALIZAÇÃO EM INFORMÁTICA,1595372700.0,"Prestação de serviços de soluções de Plataforma de Colaboração e Produtividade para Comunicação Corporativa baseada em nuvem Microsoft Office 365, para o período de 36(trinta e seis) meses;",Em vigência
PI-EXEC-GOVERNADOR,2024,648/2024,SECRETARIA DE ESTADO DA ADMINISTRACAO,AEGEA SANEAMENTOS,1000000000.0,"CONCORRÊNCIA PÚBLICA, a ser julgada pelo critério de menor tarifa, combinado com maior valor de outorga, para selecionar a proposta para celebração de contrato de concessão para gestão de serviços de operação, manutenção e exploração dos sistemas de abastecimento de água e de esgotamento sanitário nos Municípios da MRAE. Conforme definições do GLOSSÁRIO.",Aguarda informações
PI-EXEC-GOVERNADOR,2024,CG 04/2024,SECRETARIA DA SAÚDE,SOCIEDADE BRASILEIRA CAMINHO DE DAMASCO,919999080.0,"Contratação de Instituição Sem Fins Lucrativos, qualificada como Organização Social na área da Saúde, visando o gerenciamento, operacionalização e execução das ações e serviços de saúde do CENTRO INTEGRADO DE REFERÊNCIA MÉDICA DE PICOS",Em vigência
PI-EXEC-GOVERNADOR,2024,078/2024,COORDENADORIA DE DESENVOLVIMENTO DOS TERRITORIOS,W S SHOWS LTDA,900000000.0,"APRESENTAÇÃO ARTISTICA DO CANTOR WESLEY SAFADÃO NO EVENTO EM COMEMORAÇÃO AS FESTIVIDADES DA PADROEIRA DO MUNICÍPIO DE COCAL, EM COCAL, NA DATA DE 14 DE AGOSTO DE 2.024",Encerrado
PI-EXEC-GOVERNADOR,2024,008/2024,DER-PI - DEPARTAMENTO DE ESTRADAS DE RODAGEM DO PI,Construtora Jurema Ltda,262361969.93,"CONTRATAÇÃO DE EMPRESA ESPECIALIZADA PARA EXECUÇÃO DO PROGRAMA DE FORTALECIMENTO DA MANUTENÇÃO PERMANENTE E SEGURANÇA DAS RODOVIAS ESTADUAIS, CONTEMPLADAS NO TERRITÓRIO DE DESENVOLVIMENTO ENTRE RIOS - TD 04. ENTR. BR-343 / OLHO D'ÁGUA DO PIAUÍ - 5,00 km; ESTACA ZERO / AGRICOLÂNDIA - 8,00 km; AGRICOLÂNDIA / SÃO PEDRO - 15,00 km; OLHO D'ÁGUA DO PIAUÍ / BARRO DURO - 10,00 km; ENTR. BR-343 / ÁGUA BRANCA - 4,00 km; ENTR. BR-343 / SÃO PEDRO DO PIAUÍ - 4,00 km; ENTR. BR-343 / REGENERAÇÃO - 6,00 km; ENTR. BR-343 / ANGICAL DO PIAUÍ - 3,00 km; ANEL VIÁRIO DE UNIÃO - 5,00 km; CONTORNO DE JOSÉ DE FREITAS - 3,00 km; RODOANEL NORTE DE TERESINA - 28,00 km; AGRICOLÂNDIA / LAGOINHA DO PIAUÍ - 7,00 km; ENTR. BR-343 / SANTO ANTONIO DOS MILAGRES - 3,00 km; CONTORNO DE REGENERAÇÃO - 7,00 km; ENTR. BR-343 / USINA SANTANA - 11,00 km; ENTR. PI-221 / PAU D'ARCO - 17,00 km; ENTR PI 112 / DIV MARANHÃO - 10,00 km; ENTR. PI-112(UNIÃO)/ LAGOA ALEGRE - 38,00 km; TERESINA / UNIÃO - 59,00 km; UNIÃO / MIGUEL ALVES - 53,00 km; MIGUEL ALVES / PORTO - 54,00 km; TERESINA / JOSE DE FREITAS - 37,00 km; JOSE DE FREITAS/ CABECEIRAS - 45,00 km; TERESINA / PALMEIRAIS - 108,00 km; PALMEIRAIS / AMARANTE - 45,00 km; REGENERAÇÃO / TANQUE - 66,00 km; ALTOS / ALTO LONGÁ - 39,00 km; ESTACA ZERO / BENEDITINOS - 32,00 km; ENTR BR 316 / HUGO NAPOLEÃO - 25,00 km; ENTR. BR-343 / SÃO GONÇALO DO PIAUÍ - 6,00 km; HUGO NAPOLEÃO / SÃO GONÇALO DO PIAUÍ - 13,00 km; ENTR. BR-316 / MIGUEL LEÃO - 18,00 km; ÁGUA BRANCA / HUGO NAPOLEÃO - 13,00 km; ENTR. BR-316 / CURRALINHOS - 30,40 km; ENTR. PI-130 (NAZÁRIA) / ENTR. PI-351 (FAZENDA NOVA) - 25,50 km; ENTR PI 231 / ENTR PI 236 - 9,00 km; ENTR. PI-112 / DAVID CALDAS - 11,00 km; JOSÉ DE FREITAS / LAGOA ALEGRE - 29,00 km; COMVAP/DIV. PI/MA / ENTR. PI-112 - 11,00 km; ENTR. BR-343(ANGICAL DO PIAUÍ) / JARDIM DO MULATO - 12,00 km; ALTO LONGÁ / SÃO JOÃO DA SERRA - 53,00 km.",Em vigência
PI-EXEC-GOVERNADOR,2024,060/2024,DER-PI - DEPARTAMENTO DE ESTRADAS DE RODAGEM DO PI,CONSTRUTORA SANTA INÊS LTDA.,214642216.46,"CONTRATAÇÃO DE EMPRESA ESPECIALIZADA PARA EXECUÇÃO DO PROGRAMA DE FORTALECIMENTO DA MANUTENÇÃO PERMANENTE E SEGURANÇA DAS RODOVIAS ESTADUAIS, CONTEMPLADAS NO TERRITÓRIO DE DESENVOLVIMENTO VALE DOS RIOS PIAUÍ E ITAUEIRA - TD 09. ENTR. PI-140 / TAMBORIL DO PIAUÍ – 4,00 km; ANEL VIÁRIO DE CANTO DO BURITI – 11 km; FRANCISCO AYRES/ARRAIAL – 19 km; ENTR. BR-343 / FRANCISCO AYRES – 15 km; FLORIANO / ITAUEIRA – 100 km; CANTO DO BURITI / SÃO RAIMUNDO NONATO – 112 km; ITAUEIRA / CANTO DO BURITI – 61 km; ENTR. PI - 140 / BREJO – 8 km; BREJO / SÃO JOÃO DO PIAUÍ – 69 km; CANTO DO BURITI / ELIZEU MARTINS – 84 km; ENTR. PI-373 (Pov. Jacaré) / ENTR PI 120 / ARRAIAL – 20 km; ENTR. PI-140 / RIO GRANDE DO PIAUÍ – 10 km; ENTR. PI-140 / FLORES DO PIAUÍ – 15 km; RIO GRANDE DO PIAUÍ / PAVUSSU – 26 km; PAES LANDIM / SOCORRO DO PIAUÍ - 29 km; FLORES DO PIAUÍ / RIBEIRA DO PIAUÍ – 25 km; PAES LANDIM / SÃO MIGUEL DO FIDALGO – 29 km; SÃO JOSÉ DO PEIXE / SÃO MIGUEL DO FIDALGO – 25 km; ENTR. PI-140 / PAJEÚ DO PIAUÍ – 21 km; ENTR. BR- 020 / PEDRO LAURENTINO – 28 km; PEDRO LAURENTINO / PAES LANDIM – 39 km; PEDRO LAURENTINO / SOCORRO – 37 km.",Em vigência
PI-EXEC-GOVERNADOR,2024,063/2024,DER-PI - DEPARTAMENTO DE ESTRADAS DE RODAGEM DO PI,MANGABEIRAS II,210444136.08,"CONTRATAÇÃO DE EMPRESA ESPECIALIZADA PARA EXECUÇÃO DO PROGRAMA DE FORTALECIMENTO DA MANUTENÇÃO PERMANENTE E SEGURANÇA DAS RODOVIAS ESTADUAIS, CONTEMPLADAS NO TERRITÓRIO DE DESENVOLVIMENTO CHAPADA DAS MANGABEIRAS - TD 11. ENTR. BR-135 / ALVORADA DO GURGUÉIA - 2,00 KM; BOM JESUS / CURRAIS - 8,00 KM; ENTR. BR-135 / SANTA LUZ - 15,00 KM; CORRENTE / PARNAGUA - 78,00 KM; PARNAGUA / CURIMATÁ - 48,00 KM; CURIMATÁ / AVELINO LOPES - 44,00 KM; ENTR. BR-135 / REDENÇÃO DO GURGUÉIA - 2,00 KM; CURIMATÁ/ REDENÇÃO DO GURGUEIA - 84,00 KM; ENTR. BR-135 / POV. PALESTINA/TRANSCERRADO - 41,00 KM; ENTR. BR-135 / BARREIRAS DO PIAUÍ - 20,00 KM; COLÔNIA DO GURGUÉIA / POV. COLÔNIA DO PADRE - 8,00 KM; ENTR. BR-135 / PALMEIRA DO PIAUÍ - 10,00 KM; CORRENTE / RIACHO FRIO - 49,00 KM; CURIMATÁ / JÚLIO BORGES - 40,00 KM; ENTR. PI-255(CORRENTE) / SEBASTIÃO BARROS - 58,00 KM; ENTR.PI-255/257(CURIMATÁ) / MORRO CABEÇA NO TEMPO - 64,00 KM; ENTR. PI-414 (AVELINO LOPES) / DIV. PI/BA - 27,00 KM; ANEL VIÁRIO DE BOM JESUS - 7,00 KM.",Em vigência
PI-EXEC-GOVERNADOR,2024,113/2024,IDEPI - INSTITUTO DE DESENVOLVIMENTO DO PIAUI,CONSTRUTURA OTIMA LTDA,205192255.22,Execução das Obras e Serviços de Engenharia para a Construção da Barragem de Nova Algodões no município de Cocal – PI.,Aguarda informações
PI-EXEC-GOVERNADOR,2024,059/2024,DER-PI - DEPARTAMENTO DE ESTRADAS DE RODAGEM DO PI,CONSÓRCIO SOLUÇÃO & BS TD-02,194672777.62,"CONTRATAÇÃO DE EMPRESA ESPECIALIZADA PARA EXECUÇÃO DO PROGRAMA DE FORTALECIMENTO DA MANUTENÇÃO PERMANENTE E SEGURANÇA DAS RODOVIAS ESTADUAIS, CONTEMPLADAS NO TERRITÓRIO DE DESENVOLVIMENTO DOS COCAIS - TD 02. PEDRO II / SERRA - 12,00 km; CONTORNO DE ESPERANTINA - 4,00 km; RODOANEL DE BARRAS - 2,00 km; ENTR. PI-214 / JOCA MARQUES - 10,00 km; JOCA MARQUES / MADEIRO - 9,00 km; BARRAS / BATALHA - 35,00 km; BATALHA / PIRACURUCA - 44,00 km; PIRACURUCA / ENTR. BR-222 - 32,00 km; ENTR. PI-110/PIRIPIRI - 55,00 km; ENTR. BR-222 / PIRACURUCA - 32,00 km; PORTO / CAMPO LARGO - 14,00 km; CAMPO LARGO/MATIAS OLÍMPIO - 16,00 km; MATIAS OLIMPIO / ENTR. PI-214 - 23,00 km; LUZILÂNDIA / JOAQUIM PIRES - 28,00 km; CONTORNO DE LUZILÂNDIA - 4,00 km; ENTR. PI-213 /JOAQUIM PIRES - 41,00 km; NOSSA SENHORA DOS REMÉDIOS / PORTO - 14,00 km; BARRAS /NOSSA SENHORA DOS REMÉDIOS - 50,00 km; ENTR BR-222 (ESPERANTINA) / CACHOEIRA DO URUBU / PALMEIRAS - 19,00 km; ESPERANTINA / MORRO DO CHAPÉU - 18,00 km; MORRO DO CHAPÉU / LUZILÂNDIA - 42,00 km; ENTR. BR-404 / MILTON BRANDÃO - 25,00 km; ENTR.BR-222/DOMINGOS MOURÃO - 49,00 km; ENTR. BR-343 / SÃO JOSÉ DO DIVINO - 18,00 km; PIRIPIRI/CALDEIRÃO / LAGOA DO S. FRANCISCO / ENTR. BR-404 - 50,00 km; PEDRO II / DIV PI- CE - 32,00km; ENTR BR 343 (PIRIPIRI) / PEDRO II - 45,00 km.",Em vigência
PI-EXEC-GOVERNADOR,2024,067/2024,DER-PI - DEPARTAMENTO DE ESTRADAS DE RODAGEM DO PI,CONSORCIO CSS - TD 07,193976650.43,"CONTRATAÇÃO DE EMPRESA ESPECIALIZADA PARA EXECUÇÃO DO PROGRAMA DE FORTALECIMENTO DA MANUTENÇÃO PERMANENTE E SEGURANÇA DAS RODOVIAS ESTADUAIS, CONTEMPLADAS NO TERRITÓRIO DE DESENVOLVIMENTO VALE DO RIO CANINDÉ - TD 07. ENTR. PI-249 / POV. MORROS DOS CAVALOS – 3 km; ENTR. BR-020(SIMPL. MENDES) / CONC. DO CANINDÉ – 42 km; OEIRAS / COLÔNIA DO PIAUÍ – 25 km; COLÔNIA DO PIAUÍ / SIMPLÍCIO MENDES – 78 km; TANQUE / OEIRAS – 58 km; ENTR. BR-230 / SÃO FRANCISCO DO PIAUÍ – 35 km; SÃO FRANCISCO DO PIAUÍ / SÃO JOSÉ DO PEIXE – 32 km; ENTR. BR-230(OEIRAS) / SANTA CRUZ DO PIAUÍ – 47 km; ENTR. PI-236 / SANTA ROSA DO PIAUÍ – 20 km; SANTA ROSA DO PIAUÍ / CAJAZEIRAS DO PIAUÍ – 17 km; CAJAZEIRAS DO PIAUÍ / ARRAIAL – 27 km; ENTR. PI-143 / SANTO INÁCIO DO PIAUÍ – 25 km; ENTR. PI-143 / SÃO MIGUEL DO FIDALGO – 16 km; SANTA INÁCIO DO PIAUÍ / FLORESTA DO PIAUÍ – 16 km; SANTO INÁCIO / WALL FERRAZ – 26 km; WALL FERRAZ / SANTA CRUZ DO PIAUÍ – 24 km; CAMPINAS DO PIAUÍ / ENTR. PI-241 – 24 km; SIMPLÍCIO MENDES / ISAÍAS COELHO – 34 km; ISAIAS COELHO / VERA MENDES – 32 km; ENTR. BR-020 / BELA VISTA DO PIAUÍ – 12 km; ENTR. PI-143 / PAES LANDIM – 42 km; ENTR. PI-245(SIMPLÍCIO MENDES) / CAMPINAS DO PIAUÍ – 27 km; ENTR BR-230 / SÃO JOÃO DA VARJOTA – 1 km; ANEL VIARIO DE ISAIAS COELHO – 2km.",Em vigência
PI-EXEC-GOVERNADOR,2024,01/2024,SETRANS - SECRETARIA DOS TRANSPORTES,Construtora Hidros Ltda,193123296.22,"CONTRATAÇÃO DE EMPRESA ESPECIALIZADA PARA EXECUÇÃO DAS “OBRAS CIVIS, REVITALIZAÇÃO, MODERNIZAÇÃO E MELHORIAS DO SISTEMA EXISTENTE DO METRÔ DE TERESINA – PI - FASE 01”, CONFORME PROJETO BÁSICO EM ANEXO, CONFORME ESPECIFICAÇÕES DO EDITAL E SEUS ANEXOS.",Em vigência
PI-EXEC-GOVERNADOR,2024,066/2024,DER-PI - DEPARTAMENTO DE ESTRADAS DE RODAGEM DO PI,CONSORCIO SSS - TD 12,189747038.5,"CONTRATAÇÃO DE EMPRESA ESPECIALIZADA PARA EXECUÇÃO DO PROGRAMA DE FORTALECIMENTO DA MANUTENÇÃO PERMANENTE E SEGURANÇA DAS RODOVIAS ESTADUAIS, CONTEMPLADAS NO TERRITÓRIO DE DESENVOLVIMENTO CHAPADA VALE DO RIO ITAIM - TD 12. ENTR. BR-407/ POV. VÁRZEA QUEIMADA - 7,00 km; MARCOLÂNDIA / CALDEIRÃO GRANDE - 14,00 km; CALDEIRÃO GRANDE / FRONTEIRAS - 32,00 km; ENTR PI 459 (FAZENDINHA)/ ENTR PI 456 (ACESSO BAIXIO DOS BELOS) - 38,00 km; MARCOLÂNDIA / SIMÕES - 30,00 km; JACOBINA DO PIAUÍ / CONCEIÇÃO DO CANINDÉ - 57,00 km; JAICÓS / BELÉM DO PIAUÍ - 19,00 km; BELÉM DO PIAUÍ / PADRE MARCOS - 10,00 km; PADRE MARCOS/ FRANCISCO MACEDO - 14,00 km; SIMÕES/CURRAL NOVO - 30,00 km; ENTR. PI-459 / CURRAL NOVO DO PIAUÍ - 50,00 km; ENTR. BR-407 (JACOBINA DO PI) / POV. JUAZEIRO DO SECUNDO - 13,00 km; ENTR. PI-456 / CARIDADE DO PIAUÍ - 18,00 km; ENTR PI 457 (CARIDADE DO PIAUÍ) / ENTR. PI-456 (CURRAL NOVO) - 18,00 km; PAULISTANA/POVOADO TIGRE - 32,00 km; PAULISTANA / BETÂNIA DO PIAUÍ - 47,00 km; JAICÓS / MASSAPÊ DO PIAUÍ - 12,00 km; PIPOCAS / QUEIMADA NOVA - 50,00 km; LAGOA DO BARRO / QUEIMADA NOVA - 20,00 km; ENTR BR 407 (PATOS) / POV. CAJUEIRO - 10,00 km.",Em vigência
PI-EXEC-GOVERNADOR,2024,073/2024,DER-PI - DEPARTAMENTO DE ESTRADAS DE RODAGEM DO PI,CONSORCIO SOLUÇÃO & BS TD-01,184567256.99,"CONTRATAÇÃO DE EMPRESA PARA EXECUÇÃO DO PROGRAMA DE FORTALECIMENTO DA MANUTENÇÃO PERMANENTE E SEGURANÇA DAS RODOVIAS ESTADUAIS, CONTEMPLADAS NO TERRITÓRIO DE DESENVOLVIMENTO PLANÍCIE LITORÂNEA - TD 01. ENTR. PI-116 / LAGOA DO SOBRADINHO - 4,00 km; ENTR. BR-343 / LAGOA DO PORTINHO - 12,00 km; BURITI DOS LOPES / BARRA DO LONGA´ - 7,00 km; ENTR. PI-116 / ILHA GRANDE - 8,00 km; ENTR. PI-211 / MURICI DOS PORTELAS - 8,00 km; ENTR. PI-211 / POVOADO COROA SÃO REMIGIO - 9,00 km; ENTR PI-116 / PRAIA DO ARROMBADO - 4,00 km; JOAQUIM PIRES / ENTR.BR 343 - 65,00 km; LUÍS CORREIA / POV. CAMURUPIM - 39,00 km; PARNAÍBA / PEDRA DO SAL - 16,00 km; COCAL / DIVISA PI-CE - 21,00 km; ENTR. BR-343 / COCAL - 20,00 km; ENTR. PI-210 / CAJUEIRO DA PRAIA - 19,00 km; ENTR. PI-301 / BARRA GRANDE - 13,00 km; ENTR. BR-343 / BOM PRINCÍPIO - 18,00 km; ENTR BR 402 (JANDIRA DIV PI-MA / ENTR BR 343 - 14,00 km; ENTR. BR-343 / CARAÚBAS DO PIAUÍ´ - 13,00 km; CARAÚBAS DO PIAUÍ´ / CAXINGO´ - 9,00 km; CAXINGO´ / ENTR. PI-211 - 13,00 km; ENTR PI 213 (COCAL) / COCAL DOS ALVES - 10,00 km; ENTR. BR-343 / COCAL/ENTR. BR-402 - 90,00 km; ENTR. PI-116 / MACAPÁ´ - 7,00 km; ANEL VIÁRIO PARNAÍBA - 4,00 km; BOM PRINCÍPIO/ ENTR.PI- 301 - 29,00 km.",Em vigência
PI-EXEC-GOVERNADOR,2024,068/2024,DER-PI - DEPARTAMENTO DE ESTRADAS DE RODAGEM DO PI,CONSORCIO CSS - TD 06,182041887.13,"CONTRATAÇÃO DE EMPRESA ESPECIALIZADA PARA EXECUÇÃO DO PROGRAMA DE FORTALECIMENTO DA MANUTENÇÃO PERMANENTE E SEGURANÇA DAS RODOVIAS ESTADUAIS, CONTEMPLADAS NO TERRITÓRIO DE DESENVOLVIMENTO VALE DO RIO GUARIBAS - TD 06. VILA NOVA/POVOADO SÃO JOÃO - 12,00 km; PICOS / POVOADO GAMELEIRA - 13,00 km; PICOS / POVOADO SANTA LUZIA - 13,00 km; SÃO JULIÃO / POV. FUJONA - 3,00 km; PIO IX / FRONTEIRAS - 34,00 km; ENTR. BR-020/PIO IX - 40,00 km; SÃO JOSÉ DO PIAUÍ / INHUMA - 43,00 km; BOCAINA/SANTO ANTÔNIO DE LISBOA - 14,00 km; ENTR. BR-020 / FRANCISCO SANTOS - 7,00 km; ENTR.BR-316 / FRANCISCO SANTOS - 14,00 km; ENTR. BR-020 / MONSENHOR HIPÓLITO - 18,00 km; ENTR. BR-316(CAMPO G. DO PIAUÍ) / MONS. HIPÓLITO - 16,00 km; ENTR. BR-316(CAMPO G. DO PIAUÍ) / JAICÓS - 29,00 km; BOCAINA / SÃO JOÃO DA CANABRAVA - 17,00 km; SÃO JOÃO DA CANABRAVA / SÃO LUÍS DO PIAUÍ - 4,00 km; PICOS / SUSSUAPARA / BOCAINA - 18,00 km; PICOS / POVOADO TABATINGA - 12,00 km; ENTR. BR-316- SANTA CRUZ DO PIAUÍ - 26,00 km; SUSSUAPARA / SÃO JOSÉ DO PIAUÍ - 20,00 km; ENTR. BR-407 / ITAINÓPOLIS - 40,00 km; ITAINÓPOLIS / VERA MENDES - 19,00 km; PICOS / SANTANA DO PIAUÍ - 18,00 km; ENTR BR 316 / POV CHAPADA DO MOCAMBO - 24,00 km; PICOS / AROEIRA DO ITAIM - 28,00 km; ENTR PI-142/ FÁBRICA DE CIMENTO / ENTR PI 378 (POV. QUIXABA) - 17,00 km; ENTR. BR-316 / ALAGOINHA DO PIAUÍ - 19,00 km; SANTA CRUZ DO PIAUÍ - PAQUETÁ - 11,00 km; ENTR. BR-316 / PAQUETÁ - 23,00 km; ENTR. BR-230 / SÃO JULIÃO - 5,00 km.",Em vigência
PI-EXEC-GOVERNADOR,2024,065/2024,DER-PI - DEPARTAMENTO DE ESTRADAS DE RODAGEM DO PI,CONSORCIO ICARAI-ÓTIMA TD03,178727213.16,"CONTRATAÇÃO DE EMPRESA ESPECIALIZADA PARA EXECUÇÃO DO PROGRAMA DE FORTALECIMENTO DA MANUTENÇÃO PERMANENTE E SEGURANÇA DAS RODOVIAS ESTADUAIS, CONTEMPLADAS NO TERRITÓRIO DE DESENVOLVIMENTO DOS CARNAUBAIS - TD 03. CABECEIRAS / BARRAS - 26,00 km; CAMPO MAIOR / CABECEIRAS DO PIAUÍ - 44,00 km; CASTELO DO PIAUÍ / SÃO MIGUEL DO TAPUIO - 35,00 km; SÃO MIGUEL DO TAPUIO / ASSUNÇÃO DO PIAUÍ - 54,00 km; JUAZEIRO DO PIAUÍ / CASTELO DO PIAUÍ - 32,00 km; ENTR. BR-343 (CAMPO MAIOR) / JUAZEIRO DO PIAUÍ - 73,00 km; ENTR. PI-115 / PIMENTEIRAS - 80,00 km; CAMPO MAIOR / COIVARAS - 29,00 km; ENTR. PI-451 / NOVO SANTO ANTÔNIO - 30,00 km; ENTR. BR-343 / JATOBÁ DO PIAUÍ - 44,00 km; ENTR. BR-343 / NOSSA SENHORA DE NAZARÉ - 15,00 km; ENTR. PI-115 / BURITI DOS MONTES - 41,00 km; BURITI DOS MONTES/DIV. CEARÁ - 21,00 km; ENTR. PI-115 / SIGEFREDO PACHECO - 33,00 km; ENTR. BR-343 / BOQUEIRÃO DO PIAUÍ - 21,00 km; BOQUEIRÃO DO PIAUÍ / BOA HORA - 11,00 km; BOA HORA / ENTR. PI-111 - 19,00 km.",Em vigência
PI-EXEC-GOVERNADOR,2024,070/2024,DER-PI - DEPARTAMENTO DE ESTRADAS DE RODAGEM DO PI,CONSORCIO CAPIVARA,176727132.95,"CONTRATAÇÃO DE EMPRESA ESPECIALIZADA PARA EXECUÇÃO DO PROGRAMA DE FORTALECIMENTO DA MANUTENÇÃO PERMANENTE E SEGURANÇA DAS RODOVIAS ESTADUAIS, CONTEMPLADAS NO TERRITÓRIO DE DESENVOLVIMENTO SERRA DA CAPIVARA - TD 08. CEL. JOSÉ DIAS / SERRA DA CAPIVARA – 14 km; ENTR. BR-020 / BARRAGEM DO JENIPAPO – 15 km; SÃO RAIMUNDO NONATO / SÃO LOURENÇO DO PIAUÍ – 22 km; SÃO LOURENÇO DO PIAUÍ / DIRCEU ARCOVERDE – 22 km; DIRCEU ARCOVERDE / DIVISA COM BAHIA – 10 km; SÃO LOURENÇO / INGAZEIRA – 26 km; INGAZEIRA / DOM INOCÊNCIO 46 km; SÃO RAIMUNDO NONATO / SÃO BRAZ – 27 km; SÃO BRAZ / ANÍSIO DE ABREU – 15 km; ANÍSIO DE ABREU / JUREMA – 13 km; JUREMA / CARACOL – 24 km; SÃO JOÃO DO PIAUÍ / CAMPO ALEGRE DO FIDALGO – 48 km; CAMPO ALEGRE DO FIDALGO / LAGOA DO BARRO – 42 km; ENTR. PI-459 / SÃO FRANCISCO DE ASSIS DO PIAUÍ – 18 km; ENTR. PI-459 / CAPITÃO GERVÁSIO OLIVEIRA – 18 km; ENTR. BR-020 / JOÃO COSTA – 15 km; ENTR. BR-020 / FARTURA DO PIAUÍ – 21 km; ANÍSIO DE ABREU / VÁRZEA BRANCA – 11 km; ENTR BR-020/BONFIM DO PIAUI/VARZEA BRANCA – 30 km; ENTR. BR-020 / ACESSO PEDRA FURADA (CEL. JOSÉ DIAS) – 6,5 km.",Em vigência
PI-EXEC-GOVERNADOR,2024,069/2024,DER-PI - DEPARTAMENTO DE ESTRADAS DE RODAGEM DO PI,CONSORCIO SAMBITO JT,167388377.88,"CONTRATAÇÃO DE EMPRESA ESPECIALIZADA PARA EXECUÇÃO DO PROGRAMA DE FORTALECIMENTO DA MANUTENÇÃO PERMANENTE E SEGURANÇA DAS RODOVIAS ESTADUAIS, CONTEMPLADAS NO TERRITÓRIO DE DESENVOLVIMENTO VALE DO SAMBITO - TD 05. ENTR. BR-316 / VALENÇA DO PIAUÍ - 5,00 km; VALENÇA / PIMENTEIRAS - 42,00 km; ENTR. BR-316(VALENÇA)/NOVO ORIENTE - 20,00 km; NOVO ORIENTE / BARRA DO ALCÂNTARA - 25,00 km; BARRA DO ALCÂNTARA / VÁRZEA GRANDE - 17,00 km; VÁRZEA GRANDE / FRANCINÓPOLIS - 16,00 km; ENTR. BR-316 / ELESBÃO VELOSO / FRANCINÓPOLIS - 29,00 km; TANQUE DO PIAUÍ / VÁRZEA GRANDE - 8,00 km; SÃO MIGUEL DA BAIXA GRANDE / PRATA DO PIAUÍ - 27,00 km; ENTR. BR-316 / SÃO MIGUEL DA BAIXA GRANDE - 24,00 km; SÃO MIGUEL DA BAIXA GRANDE / SÃO FÉLIX DO PIAUÍ - 11,00 km; SÃO FÉLIX DO PIAUÍ / SANTA CRUZ DOS MILAGRES - 24,00 km; ENTR. BR- 316/AROAZES - 23,00 km; VALENÇA / LAGOA DO SÍTIO - 24,00 km; INHUMA / POVOADO ROQUE - 13,00 km.",Em vigência
PI-EXEC-GOVERNADOR,2024,107/2024,SETRANS - SECRETARIA DOS TRANSPORTES,Construtora Hidros Ltda,137607021.01,"REGISTRO DE PREÇOS PARA FINS DE FUTURA E EVENTUAL CONTRATAÇÃO DE EMPRESA PARA
MANUTENÇÃO PERMANENTE NAS VIAS URBANAS DOS MUNICÍPIOS LOCALIZADOS NO TERRITÓRIO DE
DESENVOLVIMENTO ENTRE RIOS – TD 04 OBJETIVANDO A APLICAÇÃO DE 844.200,00 M² DE
PAVIMENTAÇÃO ASFÁLTICA EM CBUQ (CONCRETO BETUMINOSO USINADO A QUENTE) E APLICAÇÃO
DE 361.800,00 M² DE PAVIMENTAÇÃO ASFÁLTICA EM TSD (TRATAMENTO SUPERFICIAL DUPLO)
TOTALIZANDO 1.206.000 M² DE PAVIMENTAÇÃO.",Em vigência
PI-EXEC-GOVERNADOR,2024,005/2024,SECRETARIA DA INFRAESTRUTURA,JOSÉ WHASHINGTON BARROS ALVARENGA NETO - EPP,116135884.03,"[RELANÇAMENTO] REGISTRO DE PREÇOS para fins de futura e eventual contratação de empresa para a realização do serviço comum de engenharia para Intervenção na infraestrutura viária existente nos municípios localizados no TERRITÓRIO DE DESENVOLVIMENTO CHAPADA DAS MANGABEIRAS – TD11 objetivando a (i) aplicação de capeamento asfáltico em CBUQ (concreto betuminoso usinado a quente) para o melhoramento de vias pavimentadas em paralelepípedo com área de 488.400,00m² e (ii) aplicação de pavimentação asfáltica em TSD (Tratamento Superficial Duplo) visando o melhoramento de “estradas vicinais em revestimento primário” com área de 488.400,00m², totalizando 976.800,00m² de pavimentação, mediante o regime de empreitada por preço unitário.",Em vigência
PI-EXEC-GOVERNADOR,2024,049/2023,SECRETARIA DA INFRAESTRUTURA,CONSTRUTORA SOLUÇÃO EIRELI ,104515001.9,"[RELANÇAMENTO] REGISTRO DE PREÇOS PARA INTERVENÇÃO NA INFRAESTRUTURA VIÁRIA EXISTENTE NOS MUNICÍPIOS LOCALIZADOS NO TERRITÓRIO DE DESENVOLVIMENTO DA PLANÍCIE LITORÂNEA – TD1 OBJETIVANDO A (I) APLICAÇÃO DE CAPEAMENTO ASFÁLTICO EM CBUQ (CONCRETO BETUMINOSO USINADO A QUENTE) PARA O MELHORAMENTO DE VIAS PAVIMENTADAS EM PARALELEPÍPEDO COM ÁREA DE 642.000,00 m² E (II) APLICAÇÃO DE PAVIMENTAÇÃO ASFÁLTICA EM TSD (TRATAMENTO SUPERFICIAL DUPLO) VISANDO O MELHORAMENTO DE “ESTRADAS VICINAIS EM REVESTIMENTO PRIMÁRIO” COM ÁREA DE 642.000,00 m², TOTALIZANDO 1.284.000,00 m² DE PAVIMENTAÇÃO, MEDIANTE O REGIMENTO EMPREITADA POR PREÇO UNITÁRIO.",Encerrado
PI-EXEC-GOVERNADOR,2024,026/2023,SECRETARIA DA INFRAESTRUTURA,CONSTRUTORA SOLUÇÃO EIRELI ,104515001.9,"[RELANÇAMENTO] REGISTRO DE PREÇOS PARA INTERVENÇÃO NA INFRAESTRUTURA VIÁRIA EXISTENTE NOS MUNICÍPIOS LOCALIZADOS NO TERRITÓRIO DE DESENVOLVIMENTO DA PLANÍCIE LITORÂNEA – TD1 OBJETIVANDO A (I) APLICAÇÃO DE CAPEAMENTO ASFÁLTICO EM CBUQ (CONCRETO BETUMINOSO USINADO A QUENTE) PARA O MELHORAMENTO DE VIAS PAVIMENTADAS EM PARALELEPÍPEDO COM ÁREA DE 642.000,00 m² E (II) APLICAÇÃO DE PAVIMENTAÇÃO ASFÁLTICA EM TSD (TRATAMENTO SUPERFICIAL DUPLO) VISANDO O MELHORAMENTO DE “ESTRADAS VICINAIS EM REVESTIMENTO PRIMÁRIO” COM ÁREA DE 642.000,00 m², TOTALIZANDO 1.284.000,00 m² DE PAVIMENTAÇÃO, MEDIANTE O REGIMENTO EMPREITADA POR PREÇO UNITÁRIO.",Em vigência
PI-EXEC-GOVERNADOR,2024,049/2024,Companhia Ferroviária e de Logística do Piauí (Metrô),SMF SERVIÇOS METROFERROVIÁRIOS LTDA,99399999.98,"AQUISIÇÃO DE VLT´S – VEÍCULO LEVE SOBRE TRILHOS, A DIESEL, E SEUS RESPECTIVOS PROJETOS, PARA UTILIZAÇÃO EM SISTEMAS FERROVIÁRIOS DE TRANSPORTE DE PASSAGEIROS, INCLUINDO GARANTIA, ASSISTÊNCIA TÉCNICA E O FORNECIMENTO DE PEÇAS SOBRESSALENTES E FERRAMENTAS ESPECIAIS.",Rescindido
PI-EXEC-GOVERNADOR,2024,51/2024,SETRANS - SECRETARIA DOS TRANSPORTES,PAC ENGENHARIA LTDA,93656251.3,"REGISTRO DE PREÇOS PARA FINS DE FUTURA E EVENTUAL
CONTRATAÇÃO DE EMPRESA PARA MANUTENÇÃO PERMANENTE NAS VIAS
URBANAS DOS MUNICÍPIOS LOCALIZADOS NO TERRITÓRIO DE
DESENVOLVIMENTO TD 02 -MEIO NORTE - COCAIS, OBJETIVANDO A APLICAÇÃO
DE 562.800,00 M² DE PAVIMENTAÇÃO ASFÁLTICA EM CBUQ (CONCRETO
BETUMINOSO USINADO A QUENTE) E APLICAÇÃO DE 241.200,00 M² DE
PAVIMENTAÇÃO ASFÁLTICA EM TSD (TRATAMENTO SUPERFICIAL DUPLO)
TOTALIZANDO 804.000,00 M² DE PAVIMENTAÇÃO.",Em vigência
PI-EXEC-GOVERNADOR,2024,50/2024,SETRANS - SECRETARIA DOS TRANSPORTES,FELIPE DE SANTANA MACHADO - EPP,78689463.21,"REGISTRO DE PREÇOS PARA FINS DE FUTURA E EVENTUAL CONTRATAÇÃO DE EMPRESA PARA MANUTENÇÃO PERMANENTE NAS VIAS URBANAS DOS MUNICÍPIOS LOCALIZADOS NO TERRITÓRIO DE DESENVOLVIMENTO TD 08 - SEMIÁRIDO - SERRA DA CAPIVARA OBJETIVANDO A APLICAÇÃO DE 449.400,00 M² DE PAVIMENTAÇÃO ASFÁLTICA EM CBUQ (CONCRETO BETUMINOSO USINADO A QUENTE) E APLICAÇÃO DE 256.800,00 M² DE PAVIMENTAÇÃO ASFÁLTICA EM TSD (TRATAMENTO SUPERFICIAL DUPLO) TOTALIZANDO 706.200,00 M² DE PAVIMENTAÇÃO.",Em vigência
PI-EXEC-GOVERNADOR,2024,88/2024,SETRANS - SECRETARIA DOS TRANSPORTES,CONSTRUTURA ÓTIMA LTDA,75591362.12,"REGISTRO DE PREÇOS PARA FINS DE FUTURA E EVENTUAL CONTRATAÇÃO DE EMPRESA PARA MANUTENÇÃO PERMANENTE NAS VIAS URBANAS DOS MUNICIPIOS LOCALIZADOS NO TERRITÓRIO DE DESENVOLVIMENTO DA PLANÍCIE LITORÂNEA, TD 01, OBJETIVANDO A APLICAÇÃO DE 449.400,00 M² DE PAVIMENTAÇÃO ASFÁLTICA EM CBUQ (CONCRETO BETUMINOSO USINADO A QUENTE) E APLICAÇÃO DE 256.800,00 M² DE PAVIMENTAÇÃO ASFÁLTICA EM TSD (TRATAMENTO SUPERFICIAL DUPLO) TOTALIZANDO 706.200,00 M² DE PAVIMENTAÇÃO",Em vigência
PI-EXEC-GOVERNADOR,2024,254/2024,SECRETARIA DA SAÚDE,FIX HOSPITALAR LTDA - ME,75470993.33,Registro de Preços para futura e eventual contratação de empresa especializada no fornecimento de MEDICAMENTOS,Encerrado
PI-EXEC-GOVERNADOR,2024,79/2024,SETRANS - SECRETARIA DOS TRANSPORTES,FELIPE DE SANTANA MACHADO - EPP,73649810.39,"REGISTRO DE PREÇOS PARA FINS DE FUTURA E EVENTUAL CONTRATAÇÃO DE EMPRESA PARA MANUTENÇÃO PERMANENTE NAS VIAS URBANAS DOS MUNICÍPIOS LOCALIZADOS NO TERRITÓRIO DE DESENVOLVIMENTO CARNAUBAIS – TD 03 OBJETIVANDO A DE 428.400,00 M² DE PAVIMENTAÇÃO ASFÁLTICA EM CBUQ (CONCRETO BETUMINOSO USINADO A QUENTE) E APLICAÇÃO DE 183.600,00 M² DE PAVIMENTAÇÃO ASFÁLTICA EM TSD (TRATAMENTO SUPERFICIAL DUPLO) TOTALIZANDO 612.000,00 M² DE PAVIMENTAÇÃO.",Em vigência
PI-EXEC-GOVERNADOR,2024,5/2024,DETRAN - DEPARTAMENTO ESTADUAL DE TRANSITO DO PIAUÍ,JARDIPLAN URBANIZACAO E PAISAGISMO LTDA,67699000.0,"SERVIÇO COMUM DE ENGENHARIA PARA REGISTRO DE PREÇOS PARA CONTRATAÇÃO DE EMPRESA ESPECIALIZADA EM SERVIÇOS DE IMPLANTAÇÃO, AMPLIAÇÃO E MANUTENÇÃO DE SINALIZAÇÃO VIÁRIA VERTICAL, HORIZONTAL E DISPOSITIVOS AUXILIARES DE SEGURANÇA, CORREÇÕES GEOMÉTRICAS COM ACESSIBILIDADE E IMPLANTAÇÃO DE SINALIZAÇÃO SEMAFÓRICA NAS VIAS URBANAS DOS MUNICÍPIOS PIAUIENSES, COM FORNECIMENTO DE MÃO DE OBRA, MATERIAIS E EQUIPAMENTOS, DE ACORDO COM O TERMO DE REFERÊNCIA E ESPECIFICAÇÕES CONSTANTES NO EDITAL E SEUS ANEXOS.",Em vigência
PI-EXEC-GOVERNADOR,2024,87/2024,SETRANS - SECRETARIA DOS TRANSPORTES,JDN EMPREENDIMENTOS URBANOS EIRELI EPP,67529489.23,"REGISTRO DE PREÇOS PARA FINS DE FUTURA E EVENTUAL
CONTRATAÇÃO DE EMPRESA PARA MANUTENÇÃO PERMANENTE NAS VIAS
URBANAS DOS MUNICÍPIOS LOCALIZADOS NO TERRITÓRIO DE
DESENVOLVIMENTO CHAPADA DAS MANGABEIRAS – TD 11 OBJETIVANDO
APLICAÇÃO DE 399.000,00 M² DE PAVIMENTAÇÃO ASFÁLTICA EM CBUQ
(CONCRETO BETUMINOSO USINADO A QUENTE) E APLICAÇÃO DE 171.000,00 M²
DE PAVIMENTAÇÃO ASFÁLTICA EM TSD (TRATAMENTO SUPERFICIAL DUPLO)
TOTALIZANDO 570.000,00 M² DE PAVIMENTAÇÃO.",Em vigência
PI-EXEC-GOVERNADOR,2024,112/2024,SECRETARIA DA SAÚDE,HOSPITAL DA VISÃO DO MEIO NORTE LTDA,66690855.0,"Contratações de empresas especializadas para fins de realização de Cirurgias de Catarata, incluindo consultas, cirurgias e pós-operatório com gerenciamento, deslocamento, operação, manutenção e mão de obra especializada de forma itinerante nas 11 (onze) Regiões de Saúde do Estado do Piauí para atender as necessidades da Secretaria de Estado da Saúde do Piauí.",Em vigência
PI-EXEC-GOVERNADOR,2024,002/2024,SECRETARIA DA INFRAESTRUTURA,CONSTRUTORA JUREMA LTDA,65378388.36,"[RELANÇAMENTO] REGISTRO DE PREÇOS PARA FINS DE FUTURA E EVENTUAL CONTRATAÇÃO DE EMPRESA PARA A REALIZAÇÃO DO SERVIÇO COMUM DE ENGENHARIA PARA INTERVENÇÃO NA INFRAESTRUTURA VIÁRIA EXISTENTE NOS MUNICÍPIOS LOCALIZADOS NO TERRITÓRIO DE DESENVOLVIMENTO VALE DO SAMBITO – TD5 OBJETIVANDO A (I) APLICAÇÃO DE CAPEAMENTO ASFÁLTICO EM CBUQ (CONCRETO BETUMINOSO USINADO A QUENTE) PARA O MELHORAMENTO DE VIAS PAVIMENTADAS EM PARALELEPÍPEDO COM ÁREA DE 402.000,00 m² E (II) APLICAÇÃO DE PAVIMENTAÇÃO ASFÁLTICA EM TSD (TRATAMENTO SUPERFICIAL DUPLO) VISANDO O MELHORAMENTO DE “ESTRADAS VICINAIS EM REVESTIMENTO PRIMÁRIO” COM ÁREA DE 402.000,00 m², TOTALIZANDO 804.000,00 m² DE PAVIMENTAÇÃO, MEDIANTE O REGIMENTO EMPREITADA POR PREÇO UNITÁRIO.",Em vigência
PI-EXEC-GOVERNADOR,2024,077/2024,DER-PI - DEPARTAMENTO DE ESTRADAS DE RODAGEM DO PI,Construtora Jurema Ltda,65191078.49,"Contratação de Empresa de Engenharia para Execução dos Serviços de Melhoramento da Implantação e Pavimentação Asfáltica em Concreto Betuminoso Usinado a Quente (CBUQ) na Rodovia Estadual PI-391 (1ª ETAPA), trecho entre o km 8,0 (povoado Sangue) e o km 50,39 (Fazenda CIMPAR), extensão total de 42,39km, zona rural do município de Uruçuí, no Território de Desenvolvimento Tabuleiros do Alto Parnaíba (TD10).",Em vigência
PI-EXEC-GOVERNADOR,2024,66/2024,SECRETARIA DE ESTADO DE JUSTIÇA E DOS DIREITOS HUMANOS,R Melo Construtora LTDA.,63013368.4,"O objeto da presente licitação é a escolha da proposta mais vantajosa para Contratação de empresa especializada para a execução de obra para CONSTRUÇÃO DA CADEIA PÚBLICA EM ALTOS - PI, mediante o regime EMPREITADA POR UNITÁRIO, na modalidade CONCORRÊNCIA, conforme condições, quantidades e exigências estabelecidas no Projeto Básico em anexo.",Em vigência
PI-EXEC-GOVERNADOR,2024,070/2024,COORDENADORIA DE DESENVOLVIMENTO DOS TERRITORIOS,CS BRASIL FROTAS LTDA,62639108.76,"Registro de Preços com vistas a subsidiar a contratação de empresa especializada em locação de veículos?, observando-se o disposto no Decreto Estadual nº 14.386 de 18 de janeiro de 2011, ?visando atender as necessidades dos Órgãos e Entidades que Compõem a Administração Pública do Estado do Piauí",Encerrado
PI-EXEC-GOVERNADOR,2024,038/2024,SECRETARIA DA SEGURANÇA PÚBLICA,CONSTRUTORA ROSACON LTDA,58880000.0,"PRESTAÇÃO DE SERVIÇO COMUM DE ENGENHARIA PARA A MANUTENÇÃO PREDIAL PREVENTIVA, CORRETIVA E PREDITIVA COM FORNECIMENTO DE PEÇAS, MATERIAIS DE CONSUMO, INSUMOS E MÃO-DE-OBRA, NOS SISTEMAS, EQUIPAMENTOS E INSTALAÇÕES PREDIAIS DOS IMÓVEIS DE RESPONSABILIDADE DA SECRETARIA DE SEGURANÇA PÚBLICA DO ESTADO DO PIAUÍ",Encerrado
PI-EXEC-GOVERNADOR,2024,99/2024,SECRETARIA DE ESTADO DA ADMINISTRACAO,CONSTRUTORA ROSACON LTDA,58880000.0,"REGISTRO DE PREÇOS para fins de futura e eventual contratação de empresa para a realização do serviço comum de engenharia para a manutenção predial preventiva, corretiva e preditiva com fornecimento de peças, materiais de consumo, insumos e mão-de-obra, nos sistemas, equipamentos e instalações prediais dos imóveis de responsabilidade da Secretária de  Administração do Estado do Piauí, incluindo material necessário para tal fim, conforme condições, quantidades e exigências estabelecidas neste instrumento e seus anexos.",Encerrado
PI-EXEC-GOVERNADOR,2024,146/2024,SETRANS - SECRETARIA DOS TRANSPORTES,BS CONSTRUÇÕES LTDA,58682299.39,"REGISTRO DE PREÇOS PARA FINS DE FUTURA E EVENTUAL CONTRATAÇÃO DE EMPRESA PARA
MANUTENÇÃO PERMANENTE NAS VIAS URBANAS DOS MUNICÍPIOS LOCALIZADOS NO TERRITÓRIO DE
DESENVOLVIMENTO TD 7 - SEMIÁRIDO - VALE DO CANINDÉ OBJETIVANDO A APLICAÇÃO DE 319.998,00 M²
DE PAVIMENTAÇÃO ASFÁLTICA EM CBUQ (CONCRETO BETUMINOSO USINADO A QUENTE) E APLICAÇÃO DE
137.142,00 M² DE PAVIMENTAÇÃO ASFÁLTICA EM TSD (TRATAMENTO SUPERFICIAL DUPLO) TOTALIZANDO
457.140,00 M² DE PAVIMENTAÇÃO.",Em vigência
PI-EXEC-GOVERNADOR,2024,123/2024,SECRETARIA DA SAÚDE,FIX HOSPITALAR LTDA - ME,55131819.42,Contratação de empresa especializada no fornecimento de MEDICAMENTOS,Encerrado
PI-EXEC-GOVERNADOR,2024,523/2024,SECRETARIA DA SAÚDE,BIG DATA HEALTH LTDA,54150000.0,"O objeto da presente é a  contratação de uma solução integrada para implantação de software de gestão de saúde, para atender as necessidades da Secretaria de Estado da Saúde (SESAPI)?, através de Pregão Eletrônico com o sistema auxiliar de Registro de Preços.",Encerrado
PI-EXEC-GOVERNADOR,2024,CG 34/2023,SECRETARIA DA SAÚDE,SANTA CASA DE MISERICORDIA DE CHAVANTES,53942358.12,"Gerenciamento, operacionalização e execução das ações e serviços de saúde do HOSPITAL REGIONAL DE CAMPO MAIOR-HRCM",Rescindido
PI-EXEC-GOVERNADOR,2025,029/2025,DER-PI - DEPARTAMENTO DE ESTRADAS DE RODAGEM DO PI,Construtora Jurema Ltda,481838788.59,"CONTRATAÇÃO DE EMPRESA PARA EXECUÇÃO DA IMPLANTAÇÃO E PAVIMENTAÇÃO ASFÁLTICA DA RODOVIA BR-330/PI. TRECHO: DIVISA MA/PI (RIO PARNAÍBA) – DIVISA PI/BA. SUBTRECHO: DIVISA MA/PI(RIO PARNAÍBA) – RIO URUÇUÍ PRETO, LOTE 2, KM 1,34 AO KM 115,78, COM EXTENSÃO DE 114,44 KM, ZONA RURAL DO MUNICÍPIO DE BAIXA GRANDE DO RIBEIRO-PI.",Em vigência
PI-EXEC-GOVERNADOR,2025,008/2025,Companhia Ferroviária e de Logística do Piauí (Metrô),CONSTRUTORA HIDROS LTDA,350606768.1,"EXECUÇÃO DAS OBRAS CIVIS, REVITALIZAÇÃO, MODERNIZAÇÃO E MELHORIAS DO SISTEMA EXISTENTE DO METRÔ DE TERESINA - PI - FASE 02",Em vigência
PI-EXEC-GOVERNADOR,2025,034/2025,DER-PI - DEPARTAMENTO DE ESTRADAS DE RODAGEM DO PI,CONSTRUTORA SANTA INÊS LTDA.,306753016.95,"CONTRATAÇÃO DE EMPRESA PARA EXECUÇÃO DA IMPLANTAÇÃO E PAVIMENTAÇÃO ASFÁLTICA DA RODOVIA BR-330/PI. TRECHO: DIVISA MA/PI (RIO PARNAÍBA) – DIVISA PI/BA. SUBTRECHO: RIO URUÇUÍ PRETO/ENTR. PI-397(CURRAIS), LOTE 1, KM 115,78 AO KM 178,72, COM EXTENSÃO DE 62,94 KM, ZONA RURAL DOS MUNICÍPIOS DE BAIXA GRANDE DO RIBEIRO-PI E CURRAIS-PI",Em vigência
PI-EXEC-GOVERNADOR,2025,02/2025,ETIPI - EMPRESA DE TECNOLOGIA DA INFORMAÇÃO DO ESTADO DO PIAUÍ,VALID SOLUCOES SA ,296891700.0,"O objeto do presente contrato de consumo é a Contratação de Serviços de Tecnologia da Informação e Comunicação de empresa especializada em serviços de Emissão de Carteira de Identidade Nacional (CIN).
",Em vigência
PI-EXEC-GOVERNADOR,2025,CG 12/2025,SECRETARIA DA SAÚDE,ASSOCIAÇÃO FILANTRÓPICA NOVA ESPERANÇA,197327205.5,"Contratação de Instituição Sem Fins Lucrativos, qualificadas como Organização Social na área da saúde, visando o gerenciamento, operacionalização e execução das ações e serviços de saúde do HOSPITAL REGIONAL TIBÉRIO NUNES - FLORIANO. 
",Em vigência
PI-EXEC-GOVERNADOR,2025,112/2025,SECRETARIA DE TURISMO,VALAS EVENTOS E PRODUÇÕES LTDA,160000000.0,"O objeto do presente contrato é APRESENTAÇÃO ARTISTICA DA BANDA ANDRE RHAMON NO CARNAVAL 2025, A SER REALIZADO NA CIDADE DE CASTELO DO PAIUÍ- PI, NA DATA DE 04/03/2025",Encerrado
PI-EXEC-GOVERNADOR,2025,066/2025,SECRETARIA DE TURISMO,VALAS EVENTOS E PRODUÇÕES LTDA,160000000.0,"REALIZAÇÃO DE APRESENTAÇÃO ARTISTICA DA BANDA ANDRÉ RHAMON NO CARNAVAL 2025, A SER REALIZADO NA CIDADE DE ÁGUA BRANCA - PI, NA DATA DE 02/03/2025",Encerrado
PI-EXEC-GOVERNADOR,2025,131/2025,SECRETARIA DE TURISMO,VALAS EVENTOS E PRODUÇÕES LTDA,125000000.0,". O objeto do presente contrato é APRESENTAÇÃO ARTISTICA DA BANDA LEVI ALVIM  NO CARNAVAL  2025, A SER REALIZADO NA CIDADE DE CASTELO DO PIAUÍ - PI, NA DATA DE 02/03/2025",Encerrado
PI-EXEC-GOVERNADOR,2025,096/2025,SECRETARIA DE TURISMO,VALAS EVENTOS E PRODUÇÕES LTDA,125000000.0,"APRESENTAÇÃO ARTISTICA DA BANDA LEVI ALVIM NO CARNAVAL 2025, A SER REALIZADO NA CIDADE DE ANGICAL - PI, NA DATA DE 01/03/2025,",Encerrado
PI-EXEC-GOVERNADOR,2025,014/2025,SECRETARIA DA INFRAESTRUTURA,JOSÉ WHASHINGTON BARROS ALVARENGA NETO - EPP,116135884.03,"[RELANÇAMENTO] REGISTRO DE PREÇOS para fins de futura e eventual contratação de empresa para a realização do serviço comum de engenharia para Intervenção na infraestrutura viária existente nos municípios localizados no TERRITÓRIO DE DESENVOLVIMENTO CHAPADA DAS MANGABEIRAS – TD11 objetivando a (i) aplicação de capeamento asfáltico em CBUQ (concreto betuminoso usinado a quente) para o melhoramento de vias pavimentadas em paralelepípedo com área de 488.400,00m² e (ii) aplicação de pavimentação asfáltica em TSD (Tratamento Superficial Duplo) visando o melhoramento de “estradas vicinais em revestimento primário” com área de 488.400,00m², totalizando 976.800,00m² de pavimentação, mediante o regime de empreitada por preço unitário.",Encerrado
PI-EXEC-GOVERNADOR,2025,CG 11/2025,SECRETARIA DA SAÚDE,SOCIEDADE BRASILEIRA CAMINHO DE DAMASCO,109725432.48,"Contatação de Instituição Sem Fins Lucrativos, qualificadas como Organização Social na área da saúde, visando o gerenciamento, operacionalização e execução das ações e serviços de saúde do
HOSPITAL REGIONAL JUSTINO LUZ – PICOS",Em vigência
PI-EXEC-GOVERNADOR,2025,001/2025,Companhia Ferroviária e de Logística do Piauí (Metrô),MARCOPOLO S/A ,99399999.98,"AQUISIÇÃO DE VLT´S – VEÍCULO LEVE SOBRE TRILHOS, A DIESEL, E SEUS RESPECTIVOS PROJETOS, PARA UTILIZAÇÃO EM SISTEMAS FERROVIÁRIOS DE TRANSPORTE DE PASSAGEIROS, INCLUINDO GARANTIA, ASSISTÊNCIA TÉCNICA E O FORNECIMENTO DE PEÇAS SOBRESSALENTES E FERRAMENTAS ESPECIAIS.",Em vigência
PI-EXEC-GOVERNADOR,2025,CG 22/2025,SECRETARIA DA SAÚDE,INSTITUTO SAUDE E CIDADANIA - ISAC,97998898.73,"Contratação de Instituição Sem Fins Lucrativos, qualificadas como Organização Social na área da saúde, visando o gerenciamento, operacionalização e execução das ações e serviços de saúde do HOSPITAL REGIONAL CHAGAS RODRIGUES - PIRIPIRI.
",Em vigência
PI-EXEC-GOVERNADOR,2025,036/2025,DER-PI - DEPARTAMENTO DE ESTRADAS DE RODAGEM DO PI,CONSÓRCIO PIAUÍ NORTE,93070697.44,"CONTRATAÇÃO DE EMPRESA ESPECIALIZADA PARA A EXECUÇÃO DE 1.023.960,00 M2 DE PAVIMENTAÇÃO ASFÁLTICA NOS MUNICÍPIOS LOCALIZADOS NO TERRITÓRIO DE DESENVOLVIMENTO ENTRE RIOS (TD 04)",Em vigência
PI-EXEC-GOVERNADOR,2025,013/2025,SECRETARIA DA INFRAESTRUTURA,CONSTRUTORA SOLUÇÃO EIRELI ,86213642.48,"Contratação de empresa de engenharia especializada para a Intervenção na Infraestrutura viária existente nos municípios localizados no Território de Desenvolvimento do TD 3 - Território Carnaubais, objetivando a (i) aplicação de capeamento asfáltico em CBUQ (Concreto Betuminoso Usinado A Quente) para o melhoramento de vias pavimentadas em paralelepípedo com área de 582.000,00 m² e (ii) aplicação de pavimentação asfáltica em TSD (Tratamento Superficial Duplo) visando o melhoramento de estradas vicinais em revestimento primário com área de 582.000,00 m², totalizando 1.164.000,00 m² de pavimentação.",Em vigência
PI-EXEC-GOVERNADOR,2025,015/2025,SECRETARIA DA INFRAESTRUTURA,CONSTRUTORA SOLUÇÃO EIRELI ,83000000.0,"Contratação da obra/serviço especial de engenharia Execução dos Serviços de Intervenção na infraestrutura viária existente nos municípios localizados no Território de Desenvolvimento da Serra da Capivara – TD8 objetivando a (i) aplicação de capeamento asfáltico em CBUQ (concreto betuminoso usinado a quente) para o melhoramento de vias pavimentadas em paralelepípedo com área de 564.000,00 m² e (ii) aplicação de pavimentação asfáltica em TSD (Tratamento Superficial Duplo) visando o melhoramento de “estradas vicinais em revestimento primário” com área de 564.000,00 m2 totalizando 1.128.000,00 m² de pavimentação.",Em vigência
PI-EXEC-GOVERNADOR,2025,CG 33/2025,SECRETARIA DA SAÚDE,SOCIEDADE BRASILEIRA CAMINHO DE DAMASCO,82600492.56,"Contratação de Instituição Sem Fins Lucrativos, qualificadas como Organização Social na área da saúde, visando o gerenciamento, operacionalização e execução das ações e serviços de saúde do HOSPITAL REGIONAL SENADOR CÂNDIDO FERRAZ (HRSCF) - SÃO RAIMUNDO NONATO",Em vigência
PI-EXEC-GOVERNADOR,2025,1014192955/2025,SECRETARIA DO PLANEJAMENTO,EQUATORIAL PIAUI DISTRIBUIDORA DE ENERGIA S.A,80093676.12,"O presente Contrato tem como objeto a execução, pela DISTRIBUIDORA, das obras previstas no item F, conforme premissas pactuadas no Termo de Outorga de Subvenção Econômica e em seus anexos.",Em vigência
PI-EXEC-GOVERNADOR,2025,026A/2025,SECRETARIA DAS CIDADES,Solução LTDA,77500000.0,"concorrência com registro de preços para fins de futura e eventual contratação de empresa para a realização do serviço comum de engenharia para intervenção na infraestrutura viária existente nos municípios localizados no Território de Desenvolvimento Vale do Rio Canindé - TD 07 objetivando a aplicação de capeamento asfáltico em CBUQ (Concreto Betuminoso Usinado a Quente) para o melhoramento de vias pavimentadas em paralelepípedo com área de 889.368,00 m², mediante o regime de empreitada por preço unitário.",Em vigência
PI-EXEC-GOVERNADOR,2025,037/2025,DER-PI - DEPARTAMENTO DE ESTRADAS DE RODAGEM DO PI,JDN EMPREENDIMENTOS URBANOS EIRELI EPP,74976438.45,"CONTRATAÇÃO DE EMPRESA ESPECIALIZADA PARA A EXECUÇÃO DE 526.470,00 M2 PAVIMENTAÇÃO ASFÁLTICA NOS MUNICÍPIOS LOCALIZADOS NO TERRITORIO DE DESENVOLVIMENTO CHAPADA DAS MANGABEIRAS (TD 11), CONFORME TERMO DE REFERÊNCIA, ESPECIFICAÇÕES TÉCNICAS E
DEMAIS ANEXOS DO EDITAL",Em vigência
PI-EXEC-GOVERNADOR,2025,035/2025,DER-PI - DEPARTAMENTO DE ESTRADAS DE RODAGEM DO PI,CONSTRUTORA SOLUÇÃO EIRELI,73834302.66,"CONTRATAÇÃO DE EMPRESA ESPECIALIZADA PARA A EXECUÇÃO DE 825.930,00 M2 DE PAVIMENTAÇÃO ASFÁLTICA NOS MUNICÍPIOS LOCALIZADOS
NO TERRITÓRIO DE DESENVOLVIMENTO PLANÍCIE LITORÂNEA (TD 01)",Em vigência
PI-EXEC-GOVERNADOR,2025,13/2025,SECRETARIA DAS CIDADES,Solução LTDA,71315448.74,"concorrência com registro de preços para fins de futura e eventual contratação de empresa para intervenção na infraestrutura viária existente nos municípios localizados no Território de Desenvolvimento Entre Rios – TD 04 objetivando a pavimentação em paralelepípedo para o melhoramento de vias públicas com área de 490.500,00 m².",Encerrado
PI-EXEC-GOVERNADOR,2025,69/2025,SECRETARIA DE ESTADO DA ADMINISTRACAO,DESENVOLVA EMPREENDIMENTOS E SERVICOS DE CONSTRUCOES LTDA,61395510.87,"REGISTRO DE PREÇOS PARA EVENTUAL CONTRATAÇÃO PARCELADA DE EMPRESA DE ENGENHARIA ESPECIALIZADA, SOB DEMANDA, PARA A PRESTAÇÃO DOS SERVIÇOS COMUNS DE MANUTENÇÃO PREVENTIVA E CORRETIVA DAS INSTALAÇÕES FÍSICAS PREDIAIS E EQUIPAMENTOS PÚBLICOS, REFORMA E AMPLIAÇÃO DAS ESTRUTURAS EXISTENTES, COM FORNECIMENTO DE MÃO DE OBRA, MATERIAIS E PEÇAS DE REPOSIÇÃO, EM ATENDIMENTO AS NECESSIDADES DO INSTITUTO DE METROLOGIA DO ESTADO DO PIAUÍ (IMEPI) E ÓRGÃOS PARTICIPANTES, NA FORMA ESTABELECIDA EM PLANILHAS DE SERVIÇOS E INSUMOS DIVERSOS, TABELAS SINAPI, SICRO, ORSE E SEINFRA OU COMPOSIÇÃO PROPRIA, CONFORME ESPECIFICAÇÕES E QUANTITATIVOS CONSTANTES NO TERMO DE REFERÊNCIA ANEXO AO EDITAL.",Encerrado
PI-EXEC-GOVERNADOR,2025,20/2025,SECRETARIA DA SAÚDE,LOCABOX-LOCAÇÃO DE MAQUINAS E EQUIPAMENTOS LTDA,59868000.0,"CONTRATAÇÃO DE EMPRESA PARA A LOCAÇÃO DE ESPAÇOS MULTIUSO DE RÁPIDA INSTALAÇÃO (EMRI) DE INTERESSE DA CONTRATANTE, CONFORME ESPECIFICAÇÕES, QUANTIDADES, EXIGÊNCIAS E DETALHAMENTO CONSTANTE NESTE EDITAL, TERMO DE REFERÊNCIA E SEUS ANEXOS",Encerrado
PI-EXEC-GOVERNADOR,2025,69/2024,SECRETARIA DAS CIDADES,CONSTRUTORA ROSACON LTDA,58880000.0,"REGISTRO DE PREÇOS para fins de futura e eventual contratação de empresa para a realização do serviço comum de engenharia para a manutenção predial preventiva, corretiva e preditiva com fornecimento de peças, materiais de consumo, insumos e mão-de-obra, nos sistemas, equipamentos e instalações prediais dos imóveis de responsabilidade da Secretária de  Administração do Estado do Piauí, incluindo material necessário para tal fim, conforme condições, quantidades e exigências estabelecidas neste instrumento e seus anexos.",Em vigência
PI-EXEC-GOVERNADOR,2025,59/2025,SECRETARIA DAS CIDADES,CONSTRUIR EMPREENDIMENTOS LTDA-ME,57252287.51,"Concorrência com registro de preços para fins de futura e eventual contratação de empresa para intervenção na infraestrutura viária existente nos municípios localizados no Território de Desenvolvimento Vale do Rio Guaribas – TD 06 objetivando a pavimentação em paralelepípedo para o melhoramento de vias públicas com área de 364.398,48m², mediante o regime de empreitada por preço unitário",Em vigência
PI-EXEC-GOVERNADOR,2025,48/2025,SECRETARIA DAS CIDADES,V. M. VELOSO CERQUEIRA LTDA,56398108.56,"concorrência com registro de preços para fins de futura e eventual contratação de empresa para intervenção na infraestrutura viária existente nos municípios localizados no Território de Desenvolvimento Serra da Capivara - TD 08 objetivando a pavimentação em paralelepípedo para o melhoramento de vias públicas com área de 276.313,00m², mediante o regime de empreitada por preço unitário.",Em vigência
PI-EXEC-GOVERNADOR,2025,CG 19/2025,SECRETARIA DA SAÚDE,BENEFICÊNCIA HOSPITALAR DE CESÁRIO LANGE,53268000.0,"Contratação de Instituição Sem Fins Lucrativos, qualificadas como Organização Social na área da saúde, visando o gerenciamento,  operacionalização e execução das ações e serviços de saúde do HOSPITAL REGIONAL MANOEL SOUSA SANTOS - BOM JESUS",Em vigência
PI-EXEC-GOVERNADOR,2025,13/2025,SETRANS - SECRETARIA DOS TRANSPORTES,TRATORCENTER PEÇAS E SERVIÇOS LTDA,52058768.9,"REGISTRO DE PREÇOS PARA FINS DE FUTURA E EVENTUAL CONTRATAÇÃO DE EMPRESA PARA
MANUTENÇÃO PERMANENTE NAS VIAS URBANAS DOS MUNICIPIOS LOCALIZADOS NO TERRITÓRIO DE
DESENVOLVIMENTO TD 9 - VALE DOS RIOS PIAUI E ITAUEIRA, OBJETIVANDO A APLICAÇÃO DE 294.000,00 M²
DE PAVIMENTAÇÃO ASFÁLTICA EM CBUQ (CONCRETO BETUMINOSO USINADO A QUENTE) E APLICAÇÃO DE
126.000,00 M² DE PAVIMENTAÇÃO ASFÁLTICA EM TSD (TRATAMENTO SUPERFICIAL DUPLO) TOTALIZANDO
420.000,00 M² DE PAVIMENTAÇÃO.",Em vigência
PI-EXEC-GOVERNADOR,2025,038/2025,DER-PI - DEPARTAMENTO DE ESTRADAS DE RODAGEM DO PI,TERRA PROJETOS LTDA - EPP,50933422.74,"CONTRATAÇÃO DE EMPRESA ESPECIALIZADA PARA A EXECUÇÃO DE 455.400,00 M2 DE PAVIMENTAÇÃO ASFÁLTICA NOS MUNICÍPIOS LOCALIZADOS NO TERRITÓRIO DE DESENVOLVIMENTO VALE DO SAMBITO (TD 05), CONFORME TERMO DE REFERÊNCIA, ESPECIFICAÇÕES TÉCNICAS E DEMAIS ANEXOS DO EDITAL.",Em vigência
PI-EXEC-GOVERNADOR,2025,037/2025,SECRETARIA DO AGRONEGOCIO E DO EMPREENDEDORISMO RURAL,FELIPE DE SANTANA MACHADO - EPP,49059470.22,"Contratação, eventual e futura, de empresa para a realização de serviço comum de engenharia para intervenção na infraestrutura viária existente nos municípios localizados no território de desenvolvimento Entre Rios, objetivando a aplicação de capeamento asfáltico CBUQ (concreto betuminoso usinado a quente) para o melhoramento de vias pavimentadas em paralelepípedo com área de 403.000,00 m².",Aguarda informações
PI-EXEC-GOVERNADOR,2025,027/2025,SECRETARIA DO AGRONEGOCIO E DO EMPREENDEDORISMO RURAL,FELIPE DE SANTANA MACHADO - EPP,48618300.59,"CONTRATAÇÃO EVENTUAL E FUTURA, DE EMPRESA PARA REALIZAÇÃO DE SERVIÇO COMUM DE ENGENHARIA, PARA INTERVENÇÃO NA INFRAESTRUTURA VIÁRIA EXISTENTE NOS MUNICÍPIOS LOCALIZADOS DO TERRITÓRIO DE DESENVOLVIMENTO VALE DOS RIOS PIAUÍ E ITAUEIRAS OBJETIVANDO A APLICAÇÃO DE CAPEAMENTO ASFÁLTICO DE 398.400,00 M² EM CBUQ.",Encerrado
PI-EXEC-GOVERNADOR,2025,25/2025,SETRANS - SECRETARIA DOS TRANSPORTES,Consorcio Currais II,47560324.55,"CONTRATAÇÃO DE EMPRESA ESPECIALIZADA VISANDO A EXECUÇÃO DOS SERVIÇOS DE MELHORAMENTO DA IMPLANTACÃO E PAVIMENTAÇÃO EM TRATAMENTO SUPERFICIAL DUPLO – TSD, RODOVIA PI-392, TRECHO: CURRAIS-PI / ENTR. PI-397 (TRANSCERRADOS), COM EXTENSÃO TOTAL DE 29,20 KM, CONFORME CONTRATO DE REPASSE N. 52632/2023 /CAIXA.",Em vigência
PI-EXEC-GOVERNADOR,2025,003/2025,DER-PI - DEPARTAMENTO DE ESTRADAS DE RODAGEM DO PI,CONSTRUTORA SANTA INÊS LTDA.,47152888.9,"CONTRATAÇÃO DE EMPRESA PARA EXECUÇÃO DA 1ª ETAPA DA
RESTAURAÇÃO DA ESTRADA ESTADUAL (PI-143), NA ZONA RURAL DO
ESTADO DO PIAUÍ, EM CBUQ- CONCRETO ASFÁLTICO USINADO A QUENTE,
NO TRECHO ENTRE OS MUNICÍPIOS DE CONCEIÇÃO DO CANINDÉ E
JACOBINA DO PIAUÍ (ENTR. BR-407), EXTENSÃO TOTAL DE 57,00 KM, E
PARA CONSTRUÇÃO DE UMA PONTE EM CONCRETO ARMADO COM 110,0M
DE COMPRIMENTO, COM RECURSOS ORIUNDOS DE CONVÊNIO FIRMADO
COM O MINISTÉRIO DA INTEGRAÇÃO E DO DESENVOLVIMENTO REGIONAL,
ATRAVÉS DO CONTRATO DE REPASSE N. 943489/2023/MIDR/CAIXA.",Em vigência
PI-EXEC-GOVERNADOR,2025,CG 35/2025,SECRETARIA DA SAÚDE,SOCIEDADE BRASILEIRA CAMINHO DE DAMASCO,45279153.12,"Contrato de Instituição Sem Fins Lucrativos, qualificadas como Organização Social na área da saúde, visando o gerenciamento, operacionalização e execução das ações e serviços de saúde do
HOSPITAL REGIONAL EUSTÁQUIO PORTELA (HREP) – VALENÇA.",Em vigência
PI-EXEC-GOVERNADOR,2025,12/2025,SECRETARIA DOS ESPORTES,ASSERTIVA ENGENHARIA LTDA,44017848.1,"REGISTRO DE PREÇOS para fins de futura e eventual contratação de empresa para a realização do serviço comum de engenharia para a manutenção predial preventiva, corretiva e preditiva com fornecimento de peças, materiais de consumo, insumos e mão-de-obra, nos sistemas, equipamentos e instalações prediais dos imóveis de responsabilidade da Secretária de Administração do Estado do Piauí",Em vigência
PI-EXEC-GOVERNADOR,2025,062/2025,SECRETARIA DAS CIDADES,MP ENGENHARIA EIRELI LTDA,38408891.77,"concorrência com registro de preços para fins de futura e eventual contratação de empresa para intervenção na infraestrutura viária existente nos municípios localizados no Território de Desenvolvimento Cocais - TD 02 objetivando a pavimentação em paralelepípedo para o melhoramento de vias públicas com área de 256.467,50m², mediante o regime de empreitada por preço unitário",Em vigência
PI-EXEC-GOVERNADOR,2025,102/2025,SECRETARIA DA SEGURANÇA PÚBLICA,EMPRESA DE TECNOLOGIA DA INFORMAÇÃO DO ESTADO DO PIAUÍ - ETIPI-PI ,37685200.0,"CONTRATAÇÃO DE SOLUÇÃO TECNOLÓGICA INTEGRADA PARA O INSTITUTO DE CIDADANIA DIGITAL FÉLIX PACHECO (ICDFP), VISANDO À EXECUÇÃO DE SOLUÇÃO TECNOLÓGICA INTEGRADA DESTINADA AO APERFEIÇOAMENTO DOS RECURSOS DE IDENTIFICAÇÃO CIVIL E CRIMINAL, COM O OBJETIVO DE MODERNIZAR, AMPLIAR E GARANTIR MAIOR EFICIÊNCIA NO PROCESSO DE EMISSÃO DA CARTEIRA DE IDENTIDADE NACIONAL (CIN), IDENTIDADES FUNCIONAIS (IF) E SERVIÇOS CORRELATOS.
Objeto do contrato: Solução Integrada para Emissão de Carteira de Identidade Nacional - CIN em Papel e outros serviços correlatos, compreendendo: 1-Estações completas de coletas biométricas para a Identificação Civil (inclusive neonatal): 257 unidades; 2-Centrais de Emissões de Documentos: 08 centrais; 3-Emissões de Carteiras de Identidade Nacional: 1.000.000 unidades; 4-Sistema Automatizado de Identificação Biométrica - ABIS - 1 (Integrado Civil, Criminal e Investigação): 1 unidade; 5-Emissões de Identidades Funcionais: 60.000 unidades; 6-Estações completas de coleta biométrica para a Identificação Criminal: 30 unidades; 7-Emissões de Boletins de Identificação Criminal: 14.400 unidades; 8-Estações ABIS para utilização Pericial: 8 unidades; 9-Estações para IH: 8 unidades.",Em vigência
PI-EXEC-GOVERNADOR,2025,004/2025,DER-PI - DEPARTAMENTO DE ESTRADAS DE RODAGEM DO PI,Consorcio Monte Alegre,37032774.39,"CONTRATAC¸A~O DE EMPRESA PARA O MELHORAMENTO DA IMPLANTAC¸A~O E PAVIMENTAC¸A~O ASFA´LTICA EM CONCRETO BETUMINOSO USINADO A` QUENTE - CBUQ: TRECHO PI-397 - KM 70,86 (EST. 9.487) / ENTRONC. BR-235 (MONTE ALEGRE DO PIAUI) COM EXTENSA~O DE 25,0KM, COM RECURSOS ORIUNDOS DE CONVÊNIO FIRMADO COM O MINISTÉRIO DA INTEGRAÇÃO E DO DESENVOLVIMENTO REGIONAL, ATRAVÉS DO CONTRATO DE REPASSE N. 943502/2023/MIDR/CAIXA.",Em vigência
PI-EXEC-GOVERNADOR,2025,058/2025,SECRETARIA DAS CIDADES,F.T.S. CONSTRUTORA LTDA - EPP,36297563.12,"concorrência com registro de preços para fins de futura e eventual contratação de empresa para intervenção na infraestrutura viária existente nos municípios localizados no Território de Desenvolvimento Vale do Sambito – TD 05 objetivando a pavimentação em paralelepípedo para o melhoramento de vias públicas com área de 236.926,00m², mediante o regime de empreitada por preço unitário.",Em vigência
PI-EXEC-GOVERNADOR,2026,30/2026,SECRETARIA DE ESTADO DE JUSTIÇA E DOS DIREITOS HUMANOS,BAMEX CONSULTORIA EM GESTÃO EMPRESARIAL EIRELI - EPP,6288000000.0,Contratação de empresa especializada na prestação de serviços de gerenciamento informatizado para controle do abastecimento e da manutenção da frota veicular da Secretaria de Justiça do Estado do Piauí – SEJUS/PI,Em vigência
PI-EXEC-GOVERNADOR,2026,07/2026,SETRANS - SECRETARIA DOS TRANSPORTES,CONSTRUTORA JUREMA LTDA,375045822.64,"CONTRATAÇÃO DE EMPRESA PARA EXECUÇÃO DAS OBRAS REMANESCENTES DE IMPLANTAÇÃO E PAVIMENTAÇÃO ASFÁLTICA DA RODOVIA BR-235/PI, TRECHO: DIV. BA/PI - DIV. PI/MA (ALTO PARNAÍBA), SUBTRECHO: DIV.BA/PI ENTR. BR-135(A)330(BOM JESUS), SEGMENTOS: KM 19,12 AO KM 19,84 / KM 74,51 AO KM 75,73 / KM 92,17 AO KM 150,68, COM EXTENSÃO REMANESCENTE DE 60,45 KM",Em vigência
PI-EXEC-GOVERNADOR,2026,155/2026,COORDENADORIA ESTADUAL DA JUVENTUDE ,FERNANDINHA PRODUÇÕES LTDA,250000000.0,"Apresentação artística de FERNANDINHA, contratado através de seu empresário exclusivo FERNANDINHA PRODUÇÕES LTDA, a ser realizada no município de PICOS-PI, na data de 06/06/2026.",Em vigência
PI-EXEC-GOVERNADOR,2026,057/2026,SECRETARIA DE DEFESA CIVIL,Consorcio Jaicos ,128985000.0,"CONTRATAÇÃO DE EMPRESA DE ENGENHARIA PARA EXECUÇÃO DE
OBRAS PARA A IMPLANTAÇÃO DE ADUTORA NO MUNICÍPIO DE JAICÓS – PIAUÍ.",Em vigência
PI-EXEC-GOVERNADOR,2026,57/2025,SECRETARIA DE ESTADO DE JUSTIÇA E DOS DIREITOS HUMANOS,W PRIME DISTRIBUIDORA DE ALIMENTOS LTDA,99519998.4,"ESCOLHA DA PROPOSTA MAIS VANTAJOSA O REGISTRO DE PREÇOS VISANDO EVENTUAL FORNECIMENTO DE BENS COMUNS PARA CONSUMO, A FIM DE ATENDER AS NECESSIDADE DO SISTEMA PRISIONAL DO ESTADO DO PIAUÍ
OBS: MESMO SE TRATANDO DE PROCESSO PARA REGISTRO DE PREÇOS, O PRÓPRIO EDITAL PREVER A NÃO INCLUSÃO DE ÓRGÃOS PARTICIPANTES E A NÃO LIBERAÇÃO DE ADESÕES, POR SE TRATAR DE PROCEDIMENTO QUE ATENDERÁ SOMENTE O SISTEMA PRISIONAL DO ESTADO DO PIAUÍ.",Em vigência
PI-EXEC-GOVERNADOR,2026,34/2026,SECRETARIA DO DESENVOLVIMENTO ECONÔMICO,CONSTRUTURA OTIMA LTDA,92889476.54,"REGISTRO DE PREÇOS PARA FINS DE FUTURA E EVENTUAL CONTRATAÇÃO DE EMPRESA PARA A REALIZAÇÃO DE SERVIÇOS DE ENGENHARIA PARA A PAVIMENTAÇÃO E SINALIZAÇÃO VIÁRIA - INTERVENÇÃO NA INFRAESTRUTURA VIÁRIA EXISTENTE NOS MUNICÍPIOS LOCALIZADOS NO TERRITÓRIO DE DESENVOLVIMENTO TD 2 - COCAIS OBJETIVANDO A (I) APLICAÇÃO DE CAPEAMENTO ASFÁLTICO EM CBUQ (CONCRETO BETUMINOSO USINADO A QUENTE) PARA O MELHORAMENTO DE VIAS PAVIMENTADAS EM PARALELEPÍPEDO COM ÁREA DE 528.000,00 M² E (II) APLICAÇÃO DE PAVIMENTAÇÃO ASFÁLTICA EM TSD (TRATAMENTO SUPERFICIAL DUPLO) VISANDO O MELHORAMENTO DE “ESTRADAS VICINAIS EM REVESTIMENTO PRIMÁRIO” COM ÁREA DE 264.000,00 M² TOTALIZANDO 792.000,00 M² DE PAVIMENTAÇÃO, MEDIANTE O REGIMENTO EMPREITADA POR PREÇO UNITÁRIO NOS MUNICÍPIOS DO TERRITÓRIO DE DESENVOLVIMENTO COCAIS.",Em vigência
PI-EXEC-GOVERNADOR,2026,079/2025,IDEPI - INSTITUTO DE DESENVOLVIMENTO DO PIAUI,CONSTRUTORA SANTA INÊS LTDA.,92874442.39,"REGISTRO DE PREÇOS PARA FINS DE FUTURA E EVENTUAL CONTRATAÇÃO DE EMPRESA PARA EXECUÇÃO DOS SERVIÇOS DE 870.000,00 M² DE PAVIMENTAÇÃO ASFALTICA EM DIVERSAS VIAS DOS MUNICIPIOS LOCALIZADOS NO TERRITÓRIO DE DESENVOLVIMENTO VALE DOS RIOS PIAUÍ E ITAUEIRA – TD - 09, conforme condições, quantidades e exigências estabelecidas neste Edital e seus anexos.",Aguarda informações
PI-EXEC-GOVERNADOR,2026,078/2025,IDEPI - INSTITUTO DE DESENVOLVIMENTO DO PIAUI,PAC ENGENHARIA LTDA.,92237013.78,"REGISTRO DE PREÇOS PARA FINS DE FUTURA E EVENTUAL CONTRATAÇÃO DE EMPRESA PARA EXECUÇÃO DOS SERVIÇOS DE 930.000,00 M², DE PAVIMENTAÇÃO ASFÁLTICA EM DIVERSAS VIAS DOS MUNICÍPIOS LOCALIZADOS NO TERRITÓRIO DE DESENVOLVIMENTO DOS COCAIS - TD-02, conforme condições, quantidades e exigências estabelecidas neste Edital e seus anexos, conforme condições, quantidades e exigências estabelecidas neste Edital e seus anexos.",Aguarda informações
PI-EXEC-GOVERNADOR,2026,CG 18/2026,SECRETARIA DA SAÚDE,SOCIEDADE BRASILEIRA CAMINHO DE DAMASCO,73487715.0,"Seleção de Instituição Sem Fins Lucrativos, qualificadas como Organização Social na área da saúde, visando o gerenciamento, a operacionalização e a execução das ações e serviços de saúde do Hospital Regional de Campo Maior – HRCM e da Central de Diagnóstico de Campo Maior.",Em vigência
PI-EXEC-GOVERNADOR,2026,028/2026,SECRETARIA DA INFRAESTRUTURA,CONSTRUTORA SOLUÇÃO EIRELI ,72499998.34,"Contratação de empresa especializada para a Execução dos Serviços de Intervenção na infraestrutura viária existente nos municípios localizados no Território de Desenvolvimento TD 1 - PLANÍCIE LITORÂNEA objetivando a (i) aplicação de capeamento asfáltico em CBUQ (concreto betuminoso usinado a quente) para o melhoramento de vias pavimentadas em paralelepípedo com área de 582.000,00 m².",Em vigência
PI-EXEC-GOVERNADOR,2026,003/2026,DER-PI - DEPARTAMENTO DE ESTRADAS DE RODAGEM DO PI,CONSTRUTORA SOLUÇÃO EIRELI,68241437.98,"CONTRATAÇÃO DE EMPRESA ESPECIALIZADA PARA A EXECUÇÃO DE 666.540,00 M² DE PAVIMENTAÇÃO ASFÁLTICA NOS MUNICÍPIOS LOCALIZADOS NO TERRITÓRIO DE DESENVOLVIMENTO DOS COCAIS (TD 02),  CONFORME TERMO DE REFERÊNCIA, ESPECIFICAÇÕES TÉCNICAS E DEMAIS ANEXOS DO EDITAL.",Em vigência
PI-EXEC-GOVERNADOR,2026,38/2026,SECRETARIA ESTADUAL DE INTEGRACAO E DESENVOLVIMENTO REGIONAL,HF CONSTRUÇÕES E SERVIÇOS LTDA,67274308.0,Recuperação de 12 Km de Estradas Vicinais no Municipio de São  Joao da Serra ,Em vigência
PI-EXEC-GOVERNADOR,2026,052/2026,SECRETARIA DA SEGURANÇA PÚBLICA,CS BRASIL FROTAS LTDA,66359640.0,Prestação de serviços de locação de Viaturas VS-2,Em vigência
PI-EXEC-GOVERNADOR,2026,026/2026,SECRETARIA DE ESTADO DA EDUCACAO - SEDUC,HF TECNOLOGIA LTDA,65166821.19,"Registro de Preços visando futura e eventual contratação de empresa para produção e operacionalização do Programa de Mediação Tecnológica da Rede Pública de Ensino Estadual (Canal Educação), incluindo serviços técnicos para a produção de aulas a partir do Centro de Mídias, abrangendo infraestrutura tecnológica, operação, suporte técnico e treinamento.",Em vigência
PI-EXEC-GOVERNADOR,2026,010/2026,SECRETARIA DA INFRAESTRUTURA,CONSTRUTORA SOLUÇÃO EIRELI ,62703667.22," Intervenção na infraestrutura viária existente nos municípios localizados no Território de Desenvolvimento TD 2 - Cocais objetivando a (I) aplicação de capeamento asfáltico em CBUQ (Concreto Betuminoso Usinado A Quente) para o melhoramento de vias pavimentadas em paralelepípedo com área de 378.000,00 m² e (II) aplicação de pavimentação asfáltica em TSD (Tratamento Superficial Duplo) visando o melhoramento de “estradas vicinais em revestimento primário” com área de 192.000,00m² totalizando 570.000,00 m² de pavimentação.",Em vigência
PI-EXEC-GOVERNADOR,2026,011/2026,DER-PI - DEPARTAMENTO DE ESTRADAS DE RODAGEM DO PI,Construtora Jurema Ltda,61161085.83,"REGISTRO DE PREÇOS PARA A CONTRATAÇÃO EVENTUAL E FUTURA DE EMPRESA ESPECIALIZADA PARA A EXECUÇÃO DE 779.700,00 M² DE PAVIMENTAÇÃO ASFÁLTICA NOS MUNICÍPIOS LOCALIZADOS NO TERRITÓRIO DE DESENVOLVIMENTO DOS CARNAUBAIS (TD 03).",Em vigência
PI-EXEC-GOVERNADOR,2026,061/2026,SECRETARIA DE ESTADO DA EDUCACAO - SEDUC,"FUNDAÇÃO CULTURAL E DE FOMENTO À PESQUISA, ENSINO, EXTENSÃO E INOVAÇÃO DO PIAUÍ - FADEX",55835330.9,"Contratação de instituição especializada para execução de Projeto de Pesquisa Aplicada Educacional – Programa do Piauí para o Mundo, contemplando planejamento metodológico, acompanhamento pedagógico, coleta e análise de dados, avaliação de impactos e produção de evidências científicas, com o objetivo de analisar e identificar os impactos acadêmicos, técnicos, culturais, comunicacionais e socioemocionais decorrentes da participação nas experiências acadêmicas e formativas nacionais e internacionais vinculadas ao programa.",Em vigência
PI-EXEC-GOVERNADOR,2026,002/2026,DER-PI - DEPARTAMENTO DE ESTRADAS DE RODAGEM DO PI,Construtora Jurema Ltda,55332878.37," CONTRATAÇÃO DE EMPRESA DE ENGENHARIA PARA EXECUÇÃO DOS SERVIÇOS DE MELHORAMENTO DA IMPLANTAÇÃO E PAVIMENTAÇÃO
ASFÁLTICA EM CONCRETO BETUMINOSO USINADO A QUENTE (CBUQ) NA RODOVIA ESTADUAL PI-391 (3ª ETAPA), TRECHO ENTRE O KM 78,39 (POVOADO PRATINHA) E O KM 104,94 (FAZ. GUAJUVIRA), EXTENSÃO TOTAL DE 26,55 KM, ZONA RURAL DO MUNICÍPIO DE URUÇUÍ, NO TERRITÓRIO DE DESENVOLVIMENTO TABULEIROS DO ALTO PARNAÍBA (TD10).",Em vigência
PI-EXEC-GOVERNADOR,2026,81/2026,SECRETARIA DA SAÚDE,CONSÓRCIO ASSERTIVA-RIBAMAR-FRANCA,52173521.38,"Contratação de empresa especializada em serviços de engenharia para a Construção da Maternidade (Porte I MS) no município de Bom Jesus -PI (NOVO PAC), sob o regime de contratação integrada.",Em vigência
PI-EXEC-GOVERNADOR,2026,76/2026,SECRETARIA DA SAÚDE,C P ENGENHARIA LTDA,51571726.08,Contratação de empresa especializada em serviços de engenharia para EXECUÇÃO DA OBRA DE CONSTRUÇÃO DA MATERNIDADE (PORTE I DO MS) NO MUNICÍPIO DE PIRIPIRI – PI.,Em vigência
PI-EXEC-GOVERNADOR,2026,024/2026,SECRETARIA DA INFRAESTRUTURA,ASSERTIVA ENGENHARIA LTDA,44017848.1,"REGISTRO DE PREÇOS para fins de futura e eventual contratação de empresa para a realização do serviço comum de engenharia para a manutenção predial preventiva, corretiva e preditiva com fornecimento de peças, materiais de consumo, insumos e mão-de-obra, nos sistemas, equipamentos e instalações prediais dos imóveis de responsabilidade da Secretária de Administração do Estado do Piauí",Em vigência
PI-EXEC-GOVERNADOR,2026,CG 07/2026,SECRETARIA DA SAÚDE,SOCIEDADE BRASILEIRA CAMINHO DE DAMASCO,43848234.36,"Seleção de Instituição Sem Fins Lucrativos, qualificadas como Organização Social na área da saúde, visando o gerenciamento, operacionalização e execução das ações e serviços de saúde do HOSPITAL REGIONAL SENADOR DIRCEU ARCOVERDE - URUÇUÍ",Em vigência
PI-EXEC-GOVERNADOR,2026,47/2026,SECRETARIA DO DESENVOLVIMENTO ECONÔMICO,CONSTRUTURA OTIMA LTDA,42917609.76,"CONTRATAÇÃO DE EMPRESA DE ENGENHARIA CIVIL PARA EXECUÇÃO DA OBRA CONSTRUÇÃO DO DIQUE DE CONTENÇÃO DA LAGOA DO ININGA, LOCALIZADA NO MUNICÍPIO DE LUZILÂNDIA - PI, NO TRECHO: EST.00 (ENTRONC.PI - 112) EST.104 (ACESSO A PONTE DO RIO PARNAÍBA)",Em vigência
PI-EXEC-GOVERNADOR,2026,104/2025,SECRETARIA DO AGRONEGOCIO E DO EMPREENDEDORISMO RURAL,INOVE EVENTOS EIRELI,41572884.33,"Contratação de empresa para prestação de serviços, sob demanda, de locação de equipamentos e estruturas para eventos diversos com montagem e desmontagem e serviços correlatos.",Aguarda informações
PI-EXEC-GOVERNADOR,2026,CG 02/2026,SECRETARIA DA SAÚDE,ASSOCIAÇÃO FILANTRÓPICA NOVA ESPERANÇA,38890640.54,"CONTRATAÇÃO de Instituição Sem Fins Lucrativos, qualificadas como Organização Social na área da saúde, visando o gerenciamento, operacionalização e execução das ações e serviços de saúde do HOSPITAL JOÃO PACHECO CAVALCANTE - HJPC - CORRENTE.",Em vigência
PI-EXEC-GOVERNADOR,2026,045/2026,SECRETARIA DAS CIDADES, MONTE CLARO CONSTRUCOES LTDA,38835837.32,"contratação de empresa para intervenção na infraestrutura viária existente nos municípios localizados no Território de Desenvolvimento Rios Piauí e Itaueira – TD 09, objetivando a pavimentação em paralelepípedo para o melhoramento de vias públicas com área de 219.656,00m², mediante o regime de empreitada por preço unitário.
",Em vigência
PI-EXEC-GOVERNADOR,2026,03/2026,SECRETARIA DAS CIDADES,CONSTRUIR EMPREENDIMENTOS LTDA-ME,37921448.86,"Concorrência com registro de preços para fins de futura e eventual contratação de empresa para intervenção na infraestrutura viária existente nos municípios localizados no Território de Desenvolvimento Vale do Rio Canindé - TD 07 objetivando a pavimentação em paralelepípedo para o melhoramento de vias públicas com área de 240.123,00m², mediante o regime de empreitada por preço unitário.
",Em vigência
PI-EXEC-GOVERNADOR,2026,050/2025,SECRETARIA DO AGRONEGOCIO E DO EMPREENDEDORISMO RURAL,BARRETO SERVICOS DE PERFURACAO DE POCO LTDA,33024481.8,"Contratação de empresas para implantação de sistemas simplificados de abastecimento de água, com perfuração de poços, chafariz de 5.000L, e alimentação de energia fotovoltaica, com ou sem dessalinização da água e desinfecção por cloração, visando atender as demandas da Secretaria da Irrigação e Infraestrutura Hídrica (SEFIR).",Em vigência
PI-EXEC-GOVERNADOR,2026,5/2026,ADH - AGENCIA DE DESENVOLVIMENTO HABITACIONAL DO ESTADO DO PIAUI,CONSORCIO SC - OITIS 2,30446617.11,"CONTRATAÇÃO DE EMPRESA DE ENGENHARIA PARA A IMPLANTAÇÃO E PAVIMENTAÇÃO ASFÁLTICA DO TRECHO QUE LIGA O ENTRONCAMENTO DA PI-217, NO MUNICÍPIO DE SÃO FRANCISCO DO PIAUÍ, ATÉ O POVOADO OITIS, COM EXTENSÃO TOTAL DE 33.606,26 M, SEGUNDO AS CONDIÇÕES E ESPECIFICAÇÕES PREVISTAS NESTE EDITAL E SEUS ANEXOS, POR MEIO DE licitação..",Em vigência
PI-EXEC-GOVERNADOR,2026,36/2026,SECRETARIA ESTADUAL DE INTEGRACAO E DESENVOLVIMENTO REGIONAL,MTC - CONSTRUCAO LTDA,30440541.2,"Melhoramento da Implantação e Pavimentação Asfáltica de 40,08 km em tratamento superfgicial duplo com banho diluido ( TSD ) na pista de rolamento e tratamento superficial simples com banho diluido ( TSS ) nos acostamentos no trecho da PI 364 do municipio de Cabeceiras/PI ao municipio de Lagoa Alegre - PI ",Em vigência
PI-EXEC-GOVERNADOR,2026,38/2026,Companhia Ferroviária e de Logística do Piauí (Metrô),CONSTRUIR CONSTRUÇÃO LOCAÇÃO DE EQUIPAMENTOS E ADMINISTRAÇÃO DE OBRAS EIRELI,28210210.74,"CONTRATAÇÃO DE EMPRESA ESPECIALIZADA PARA MELHORAMENTO DA IMPLANTAÇÃO E PAVIMENTAÇÃO ASFÁLTICA EM TRATAMENTO SUPERFICIAL DUPLO (TSD) – PI-411, TRECHO PARNAGUÁ / RIACHO FRIO – PI.",Em vigência
PI-EXEC-GOVERNADOR,2026,23/2026,DETRAN - DEPARTAMENTO ESTADUAL DE TRANSITO DO PIAUÍ,ICE CARTÕES ESPECIAIS LTDA,28199030.4,"Contratação de empresa especializada para a prestação de serviços de produção e personalização de Carteira Nacional de Habilitação - CNH e Permissão Internacional para Dirigir – PID e, coleta biométrica dos usuários do sistema RENACH, a ser realizado através de Licitação na modalidade PREGÃO, na forma ELETRÔNICA",Em vigência
PI-EXEC-GOVERNADOR,2026,061/2026,IDEPI - INSTITUTO DE DESENVOLVIMENTO DO PIAUI,CONSTRUTORA CONSTRUNOVA LTDA.,27146461.49,"EXECUÇÃO DOS SERVIÇOS DE IMPLANTAÇÃO DO SISTEMA ADUTOR NO MUNICÍPIO DE CAPITÃO GERVÁSIO DE OLIVEIRA – PI, conforme condições, quantidades e exigências estabelecidas neste Edital e seus anexos.",Aguarda informações
PI-EXEC-GOVERNADOR,2026,016/2026,DER-PI - DEPARTAMENTO DE ESTRADAS DE RODAGEM DO PI,CONSÓRCIO ENGECOR/S CONSULT,26799062.4,"CONTRATAÇÃO DE EMPRESA ESPECIALIZADA NOS SERVIÇOS DE ELABORAÇÃO DOS ESTUDOS, PEÇAS TÉCNICAS E PROJETOS DE ENGENHARIA NECESSÁRIOS PARA EXECUÇÃO DE OBRAS DE INFRAESTRUTURA E MOBILIDADE URBANA DO DEPARTAMENTO DE ESTRADAS DE RODAGEM DO PIAUI – DER-PI, CONFORME CONDIÇÕES, QUANTIDADES E EXIGÊNCIAS ESTABELECIDAS NO TR E SEUS ANEXOS.",Em vigência
PI-EXEC-GOVERNADOR,2026,008/2026,SECRETARIA DE CULTURA DO ESTADO DO PIAUI,INOVE EVENTOS EIRELI,26767875.97,"Registro de Preços com vistas a subsidiar as contratações de empresas para prestação de serviços, sob demanda, de locação de equipamentos e estruturas para eventos diversos com ontagem e desmontagem e serviços correlatos, com vistas ao atendimento das necessidades da Secretaria de Estado da Administração do Piauí - SEAD e demais órgãos e entes que compõem a Administração Pública Estadual",Em vigência
PI-EXEC-GOVERNADOR,2026,48/2026,SETRANS - SECRETARIA DOS TRANSPORTES,TOTAL CONSTRUÇÕES,25659234.63,"Contratação de empresa para execução de pavimentação asfáltica em Tratamento Superficial Duplo (T.S.D.) com banho diluído na pista de rolamento e Tratamento Superficial Simples (T.S.S.) com banho diluído nos acostamentos, da rodovia PI-456, trecho: Padre Marcos / Simões - Sub Trecho : Povoado Maria Preta Est 816+0,00 (Simões ) / Simões (Sede do Município) Est 1691+0,00, com 17,500 km de extensão.",Em vigência
PI-EXEC-GOVERNADOR,2026,012/2026,DER-PI - DEPARTAMENTO DE ESTRADAS DE RODAGEM DO PI,CONSTRUTORA RENATA LTDA,25285336.27,"CONTRATAÇÃO DE EMPRESA ESPECIALIZADA PARA A EXECUÇÃO DA PAVIMENTAÇÃO ASFÁLTICA EM VIAS PÚBLICAS DO MUNICÍPIO DE TERESINA – PI, COM RECURSOS ORIUNDOS DE CONVÊNIO FIRMADO COM O MINISTÉRIO DAS CIDADES, ATRAVÉS DO CONTRATO DE REPASSE N.954697/2023/MCIDADES/CAIXA, MEDIANTE O REGIME DE EMPREITADA POR PREÇO UNITÁRIO.",Em vigência
PI-EXEC-GOVERNADOR,2026,05/2026,SECRETARIA DAS CIDADES,MATRINXÃ SERVIÇOS DE CONSTRUÇÕES LTDA,24520286.65,"concorrência com registro de preços para fins de futura e eventual contratação de empresa para intervenção na infraestrutura viária existente nos municípios localizados no Território de Desenvolvimento Carnaubais - TD 03 objetivando a pavimentação em paralelepípedo para o melhoramento de vias públicas com área de 153.354,00 m², mediante o regime de empreitada por preço unitário.",Em vigência
PI-EXEC-GOVERNADOR,2026,004/2026,DER-PI - DEPARTAMENTO DE ESTRADAS DE RODAGEM DO PI,CONSÓRCIO GERENCIADOR ENGEVVIA PI ,23917613.51,"CONTRATAÇÃO DE EMPRESA ESPECIALIZADA PARA PRESTAÇÃO DE SERVIÇOS DE GERENCIAMENTO TÉCNICO-OPERACIONAL DA MALHA RODOVIÁRIA DO ESTADO DO PIAUÍ, COM ÊNFASE NA OPERAÇÃO E APRIMORAMENTO DE SISTEMAS DE TECNOLOGIA APLICADOS À GESTÃO (SGP E SIG), E NA APLICAÇÃO DE INTELIGÊNCIA ARTIFICIAL PARA LEVANTAMENTOS DE PAVIMENTO E TRÁFEGO, ALÉM DA IMPLEMENTAÇÃO DE NOVAS TECNOLOGIAS, MODELAGEM E ELABORAÇÃO DE ESTUDOS DE VIABILIDADE, CONFORME CONDIÇÕES, QUANTIDADES E EXIGÊNCIAS ESTABELECIDAS NESTE INSTRUMENTO E SEUS ANEXOS.",Em vigência
PI-EXEC-GOVERNADOR,2026,028/2026,SECRETARIA DA SEGURANÇA PÚBLICA,PRIME CONSULTORIA E ASSESSORIA EMPRESARIAL LTDA EPP,23000000.0,CONTRATAÇÃO DO SERVIÇO CONTÍNUO DE GERENCIAMENTO DA MANUTENÇÃO PREVENTIVA E CORRETIVA DA FROTA DE VEÍCULOS DA SECRETARIA DE SEGURANÇA PÚBLICA DO ESTADO DO PIAUÍ.,Em edição
