id,origem,cpf,nome_civil,nome_eleitoral,cargo_atual,uf,partido,email,foto_url
cmt-180002544099,camara_municipal_teresina,,ANA FLAVIA TEIXEIRA FIDELIS,ANA FIDELIS,VEREADOR(A) - CÂMARA MUNICIPAL DE TERESINA,PI,,,
cmt-180002534810,camara_municipal_teresina,,EDUARDO DA SILVA OLIVEIRA,DRAGA ALANA,VEREADOR(A) - CÂMARA MUNICIPAL DE TERESINA,PI,,,
cmt-180002533563,camara_municipal_teresina,,ELZUILA ALVES CALISTO,ELZUILA CALISTO,VEREADOR(A) - CÂMARA MUNICIPAL DE TERESINA,PI,,,
cmt-180002533557,camara_municipal_teresina,,ENZO SAMUEL ALENCAR SILVA,ENZO SAMUEL,VEREADOR(A) - CÂMARA MUNICIPAL DE TERESINA,PI,,,
cmt-180002539131,camara_municipal_teresina,,GERALDO JARQUES PEREIRA FILHO,GERALDIN,VEREADOR(A) - CÂMARA MUNICIPAL DE TERESINA,PI,,,
cmt-180002539039,camara_municipal_teresina,,PEDRO ALCANTARA CARVALHO DO NASCIMENTO,PEDRO ALCÂNTARA,VEREADOR(A) - CÂMARA MUNICIPAL DE TERESINA,PI,,,
cmt-180002539014,camara_municipal_teresina,,PETRUS EVELYN MARTINS,PETRUS EVELYN (O PIAUIENSE),VEREADOR(A) - CÂMARA MUNICIPAL DE TERESINA,PI,,,
cmt-180002539134,camara_municipal_teresina,,SAMANTHA CAVALCA SOBREIRA DUTRA,SAMANTHA CAVALCA,VEREADOR(A) - CÂMARA MUNICIPAL DE TERESINA,PI,,,
cmt-180002536459,camara_municipal_teresina,,JOSE VENANCIO CARDOSO NETO,VENÂNCIO,VEREADOR(A) - CÂMARA MUNICIPAL DE TERESINA,PI,,,
