parlamentar_id,id_proposicao,tipo,numero,ano,ementa
123086,2640403,REQ,3956,2026,Requer a criação da Frente Parlamentar Mista em Defesa do Programa Espacial Brasileiro.
123086,2635950,RPD,1,0,Requerimento de Inversão da Pauta - PL 244/2019
123086,2633488,PEC,15,2026,Altera os art. 150 Constituição Federal para incluir as entidades esportivas sem fins lucrativos.
123086,2633152,PRL,1,0,"Parecer do Relator, Dep. Átila Lira (PP-PI), pela constitucionalidade, juridicidade e técnica legislativa do PL 244/2019 e do PL 252/2019, apensado, na forma do Substitutivo da Comissão de Seguridade Social e Família, com Subemenda Substitutiva da Comissão de Finanças e Tributação."
123086,2630703,REQ,3410,2026,Requer urgência para o Projeto de Lei nº 2.301/2026.
123086,2627583,REQ,3131,2026,"Requer, nos termos do art. 104 do Regimento Interno da Câmara dos Deputados, a retirada de tramitação da Emenda nº 1 apresentada à PEC nº 221/2019"
123086,2627193,REQ,3075,2026,"Requer a retirada de assinatura das emendas nº 1 e 2 apresentadas à PEC 211, de 2019."
123086,2624863,EMC,2,0,"Altera o Art. 7º inciso XII da constituição Federal, reduzindo a jornada de trabalho a 36 horas semanais em 10 anos."
123086,2624861,EMC,1,0,"Altera o Art. 7º inciso XIII da Constituição Federal, reduzindo a jornada de trabalho a 36 horas semanais em 10 anos."
123086,2623553,REQ,34,2026,"Requer a realização de Audiência Pública Conjunta com a Comissão de Saúde para debater sobre a polilaminina, com a presença da Professora e Pesquisadora Tatiana Coelho de Sampaio."
123086,2621013,REQ,2596,2026,Requer a inclusão na Ordem do Dia do Plenário para votação imediata do Projeto de Lei Complementar nº 185/2024.
123086,2618387,SBT,1,0,Institui o Plano Nacional de Inclusão Digital (PNID).
123086,2618385,PRL,1,0,"Parecer do Relator, Dep. Átila Lira (PP-PI), pela aprovação do PL 4942/25 e do PL 5031/25, apensado, com substitutivo."
123086,2618380,PRL,1,0,"Parecer do Relator, Dep. Átila Lira (PP-PI), pela aprovação."
123086,2617114,REQ,31,2026,"Requer a aprovação de Moção de Louvor à Dra. Neuza Maria Frazatti Gallina, em reconhecimento à sua liderança no desenvolvimento da vacina brasileira contra a dengue (Butantan-DV)."
123086,2613402,REQ,25,2026,"Requer a aprovação de Moção de Louvor à cientista brasileira Lívia Schiavinato Eberlin, em reconhecimento às suas contribuições inovadoras para o diagnóstico e tratamento do câncer."
123086,2612368,PL,1438,2026,"Altera a Lei nº 14.300, de 6 de janeiro de 2022, que institui o marco legal da microgeração e minigeração distribuída, o Sistema de Compensação de Energia Elétrica (SCEE) e o Programa de Energia Renovável Social (PERS), para garantir a isenção do pagamento de componentes tarifárias pelo uso da rede elétrica por consumidores-geradores de energia solar e outras fontes renováveis."
123086,2608670,REQ,19,2026,"Requer a realização de audiência pública para debater a cibersegurança nas eleições, especialmente no que se refere ao uso de inteligência artificial durante as campanhas eleitorais e ao combate à desinformação."
123086,2608669,REQ,18,2026,"Requer a realização de audiência pública para debater a Inteligência Artificial no ambiente educacional, as oportunidades e riscos na formação profissional e acadêmica."
123086,2608668,REQ,17,2026,"Requer a realização de visita técnica da Comissão de Ciência, Tecnologia e Inovação às instalações do Instituto Nacional de Pesquisas Espaciais (INPE) e ao prédio da Direção do Departamento de Ciência e Tecnologia Aeroespacial (DCTA), em São José dos Campos/SP."
123086,2608667,REQ,16,2026,"Requer visita técnica da Comissão de Ciência, Tecnologia e Inovação à sede do Núcleo de Informação e Coordenação do Ponto BR – NIC.br, na cidade de São Paulo/SP"
123086,2608666,REQ,15,2026,"Requer visita técnica da Comissão de Ciência, Tecnologia e Inovação à cidade de Campinas/SP, para conhecer as instalações do Sirius – acelerador de partículas do Centro Nacional de Pesquisa em Energia e Materiais (CNPEM), com a participação de representantes do Ministério da Ciência, Tecnologia e Inovação e do Comando da Aeronáutica."
123086,2607733,REQ,1355,2026,Requer o registro da Frente Parlamentar em Defesa da Política Nacional de Plantas Medicinais e Fitoterápicos
123086,2606317,PL,903,2026,"Esta Lei altera o Decreto-Lei nº 2.848, de 7 de dezembro de 1940, para tipificar como crime o descumprimento de obrigação estabelecida em medida cautelar diversa da prisão."
123086,2604173,PEC,3,2026,"Altera o art. 155 da Constituição Federal para estabelecer alíquota máxima e base de cálculo exclusiva do Imposto sobre a Propriedade de Veículos Automotores – IPVA, e acrescenta dispositivos ao Ato das Disposições Constitucionais Transitórias para limitar despesas com publicidade institucional e com o Poder Legislativo."
123086,2604012,RDF,1,0,Redação Final ao PL 5874/2025
123086,2600872,REQ,2,2026,"Requer autorização para utilizar parte da previsão orçamentária mensal definida para esta Comissão, para cobrir, durante o ano de 2026, despesas com coquetéis, coffee breaks e cafés da manhã/da tarde nas ocasiões de realização de mesas redondas, eventos de articulação política ou eventos afins, destinados à discussão de assuntos atinentes ao campo temático ou área de atuação desta Comissão"
123086,2600870,REQ,1,2026,"Requer a realização de Reunião com a Ministra da Ciência, Tecnologia e Inovação para apresentar o planejamento das ações do Ministério para o ano de 2026 e expor as realizações e resultados alcançados pela pasta em 2025."
123086,2600555,PEP,1,0,"Parecer às Emendas de Plenário proferido pelo Relator, Dep. Átila Lira (PP-PI) pela: • Comissão de Educação, que conclui pela rejeição das Emendas de Plenário. • Comissão de Administração e Serviço Público, que conclui pela rejeição das Emendas de Plenário. • Comissão de Finanças e Tributação, que conclui pela adequação financeira e orçamentária das Emendas de Plenário. • Comissão de Constituição e Justiça e de Cidadania, que conclui pela constitucionalidade, juridicidade e boa técnica legislativa das Emendas de Plenário."
123086,2600554,PRLE,1,0,Cria cargos de provimento efetivo no âmbito do Ministério da Educação e do Ministério da Gestão e da Inovação em Serviços Públicos.
123086,2600527,SBT,1,0,
123086,2600525,PPP,1,0,"Parecer proferido em Plenário pelo Relator, Dep. Átila Lira (PP-PI) pela: • Comissão de Educação, que conclui pela aprovação do Projeto de Lei nº 5.874/2025, do Projeto de Lei nº 5.893/2025, do Projeto de Lei nº 6.170/2025 e do Projeto de Lei nº 1/2026, na forma do Substitutivo adotado pelo relator da Comissão de Administração e Serviço Público. • Comissão de Administração e Serviço Público, que conclui pela aprovação do Projeto de Lei nº 5.874/2025, do Projeto de Lei nº 5.893/2025, do Projeto de Lei nº 6.170/2025 e do Projeto de Lei nº 1/2026, na forma do Substitutivo adotado. • Comissão de Finanças e Tributação, que conclui pela compatibilidade e adequação orçamentária e financeira do Projeto de Lei nº 5.874/2025, do Projeto de Lei nº 5.893/2025, do Projeto nº 6.170/2025, do Projeto de Lei nº 1/2026 e do Substitutivo adotado pelo relator da Comissão de Administração e Serviço Público, dada a não implicação das matérias em aumento ou diminuição da receita e da despesa pública. • Comissão de Constituição e Justiça e de Cidadania, que conclui pela constitucionalidade, juridicidade e boa técnica legislativa do Projeto de Lei nº 5.874/2025, do Projeto de Lei nº 5.893/2025, do Projeto de Lei nº 6.170/2025, do Projeto de Lei nº 1/2026 e do Substitutivo adotado pelo relator da Comissão de Administração e Serviço Público."
123086,2600446,PRLP,2,0,Cria cargos de provimento efetivo no âmbito do Ministério da Educação e do Ministério da Gestão e da Inovação em Serviços Públicos.
123086,2600331,PRLP,1,0,Cria cargos de provimento efetivo no âmbito do Ministério da Educação e do Ministério da Gestão e da Inovação em Serviços Públicos.
123086,2595818,PEC,48,2025,Altera o inciso XVI do art. 37 da Constituição Federal para permitir a acumulação de cargos públicos por outros profissionais da área da educação.
123086,2594123,PRL,1,0,"Parecer do Relator, Dep. Átila Lira (PP-PI), pela constitucionalidade, juridicidade e técnica legislativa."
123086,2594122,PRL,1,0,"Parecer do Relator, Dep. Átila Lira (PP-PI), pela constitucionalidade, juridicidade e técnica legislativa."
123086,2594121,PRL,1,0,"Parecer do Relator, Dep. Átila Lira (PP-PI), pela constitucionalidade, juridicidade e técnica legislativa."
123086,2594120,PRL,1,0,"Parecer do Relator, Dep. Átila Lira (PP-PI), pela constitucionalidade, juridicidade e técnica legislativa."
123086,2590518,PL,6083,2025,"Altera o Decreto-Lei nº 2.848, de 7 de dezembro de 1940, (Código Penal) para aumentar as penas previstas para o crime de roubo."
123086,2587717,ESB,1,2025,"Altera a Lei 6.530, de 12 de maio de 1978, para dispor sobre formação superior para os Corretores de Imóveis; e altera a Lei nº 7.433, de 18 de dezembro de 1985, para dispor sobre atos notariais relativos a imóveis."
123086,2585482,REQ,4932,2025,"Requeiro a Vossa Excelência, nos termos do art. 155 do Regimento Interno da Câmara dos Deputados, urgência para apreciação imediata do Projeto de Lei nº 6.819, de 2010, que “Altera a Lei nº 8.234, de 17 de setembro de 1991, para dispor sobre a jornada e condições de trabalho dos nutricionistas. ”"
123086,2580967,REQ,4651,2025,"Requer dispensa do interstício regimental entre o primeiro e o segundo turno de deliberação da Proposta de Emenda à Constituição nº 39, de 2022."
123086,2579203,REQ,4605,2025,Requer a quebra de interstício para votação em segundo turno da PEC 169/2019.
123086,2576168,PEC,38,2025,"Altera normas sobre a Administração Pública brasileira para aperfeiçoar a governança e a gestão pública, promover a transformação digital, impulsionar a profissionalização e extinguir privilégios no serviço público."
123086,2573184,REQ,200,2025,Requer a inclusão de representante da Federação Nacional das Escolas Particulares (FENEP) na Audiência Pública a ser realizada em decorrência do REQ 192/2025 CE.
123086,2573046,PRL,1,0,"Parecer do Relator, Dep. Átila Lira (PP-PI)."
123086,2568071,REQ,4166,2025,"REQUERIMENTO DE QUEBRA DE INTERSTÍCIO DE 2 SESSÕES PARA QUE A PEC 14/2021, QUE  ""Altera o art. 198 da Constituição Federal para estabelecer o Sistema de Proteção Social e Valorização dos Agentes Comunitários de Saúde e Agentes de Combate às Endemias, a aposentadoria especial e exclusiva, e fixar a responsabilidade do gestor local do SUS pela regularidade do vínculo empregatício desses profissionais"", SEJA APRECIADA EM PLENÁRIO."
123086,2567744,PL,4986,2025,"Torna obrigatória a inserção de código QR (Quick Response Code) nas embalagens de bebidas fabricadas, importadas ou comercializadas em território nacional, para fins de verificação de autenticidade, rastreabilidade e identificação de abertura, e dá outras providências."
123086,2567230,REQ,4119,2025,Requer o registro da Frente Parlamentar de Acolhimento e Desenvolvimento Integrado.
220699,2644042,REQ,72,2026,Requer a realização de audiência pública para discutir a atualização do Livro dos Heróis e Heroínas da Pátria.
220699,2642417,REQ,4004,2026,Requer a urgência do Projeto de Lei nº PL 2829/2024
220699,2638480,SBT,1,0,Altera a legislação relativa ao sistema financeiro nacional para dispor sobre a obrigatoriedade de oferta de mecanismo de autenticação em dois fatores com validação por pessoa de confiança para clientes idosos.
220699,2638478,PRL,1,0,"Parecer do Relator, Dep. Castro Neto (MDB-PI), pela aprovação do PL 1453/26 e da Emenda 1/26 da CIDOSO, com substitutivo, ."
220699,2633488,PEC,15,2026,Altera os art. 150 Constituição Federal para incluir as entidades esportivas sem fins lucrativos.
220699,2625960,PRL,1,0,"Parecer do Relator, Dep. Castro Neto (MDB-PI), pela aprovação."
220699,2625930,PRL,2,0,"Parecer do Relator, Dep. Castro Neto (MDB-PI), pela aprovação."
220699,2625680,PRL,2,0,"Parecer do Relator, Dep. Castro Neto (MDB-PI), pela aprovação do PL 1270/2022 e das Emendas Adotadas pela Comissão de Viação e Transporte."
220699,2625678,PRL,1,0,"Parecer do Relator, Dep. Castro Neto (MDB-PI), pela aprovação."
220699,2625642,PRL,1,0,"Parecer do Relator, Dep. Castro Neto (MDB-PI), pela aprovação."
220699,2622873,EMR,1,0,
220699,2622480,PRL,1,0,"Parecer do Relator, Dep. Castro Neto (MDB-PI), pela aprovação."
220699,2621285,REQ,31,2026,Requer a realização de Audiência Pública para debater a instituição do Dia Nacional do Gestor Público e do Dia Nacional do Campo de Públicas.
220699,2620609,EMR,1,0,
220699,2620188,PRL,1,0,"Parecer do Relator, Dep. Castro Neto (MDB-PI), pela aprovação, com emenda."
220699,2619305,REQ,29,2026,Requer a realização de audiência pública para debater a pertinência de estabelecer Oeiras (PI) como Capital Nacional dos Bandolins.
220699,2619271,PRL,1,0,"Parecer do Relator, Dep. Castro Neto (MDB-PI), pela aprovação, com emenda."
220699,2618366,SBT,2,0,"Dá nova redação ao art. 96 da Lei nº 11.196, de 21 de novembro de 2005, para dispor sobre parcelamento de débitos previdenciários de responsabilidade dos Municípios apurados até 31 de dezembro de 2010."
220699,2618365,PRL,2,0,"Parecer do Relator, Dep. Castro Neto (MDB-PI), pela aprovação do PL 2893/21, dos PLs 2156/22, 3309/23, 4113/23, e 4651/23, apensados, e do Substitutivo da Comissão de Saúde, com substitutivo."
220699,2618347,SBT,2,0,"Dá nova redação ao art. 96 da Lei nº 11.196, de 21 de novembro de 2005, para dispor sobre parcelamento de débitos previdenciários de responsabilidade dos Municípios apurados até 31 de dezembro de 2010."
220699,2618334,PRL,2,0,"Parecer do Relator, Dep. Castro Neto (MDB-PI), pela aprovação do PL 1894/11 e dos PLs 3196/12, 875/15, e 6610/16, apensados, com substitutivo."
220699,2618320,PRL,1,0,"Parecer do Relator, Dep. Castro Neto (MDB-PI), pela aprovação."
220699,2617982,REQ,2239,2026,"Requer a inclusão na Ordem do Dia do Plenário para votação imediata do Projeto de Lei Complementar nº 185, de 2024."
220699,2614433,RPD,1,0,Requerimento de Inversão da Pauta - PL 11217/2018
220699,2612368,PL,1438,2026,"Altera a Lei nº 14.300, de 6 de janeiro de 2022, que institui o marco legal da microgeração e minigeração distribuída, o Sistema de Compensação de Energia Elétrica (SCEE) e o Programa de Energia Renovável Social (PERS), para garantir a isenção do pagamento de componentes tarifárias pelo uso da rede elétrica por consumidores-geradores de energia solar e outras fontes renováveis."
220699,2604274,EMR,2,0,"Institui a Política Nacional de Promoção dos Direitos e Atenção Integral às Pessoas Idosas com Transtorno do Espectro Autista (TEA), altera a Lei nº 10.741, de 1º de outubro de 2003, e a Lei nº 12.764, de 27 de dezembro de 2012, e dá outras providências."
220699,2604272,EMR,1,0,"Institui a Política Nacional de Promoção dos Direitos e Atenção Integral às Pessoas Idosas com Transtorno do Espectro Autista (TEA), altera a Lei nº 10.741, de 1º de outubro de 2003, e a Lei nº 12.764, de 27 de dezembro de 2012, e dá outras providências."
220699,2604256,PRL,2,0,"Parecer do Relator, Dep. Castro Neto (PSD-PI), pela aprovação com emendas."
220699,2601407,REQ,296,2026,"Requer a Criação da ""Frente Parlamentar em Defesa do Mutualismo""."
220699,2598197,REQ,6008,2025,Requer a criação e registro da Frente Parlamentar Mista do Ambiente de Negócios (FPN).
220699,2597230,PRL,1,0,"Parecer do Relator, Dep. Castro Neto (PSD-PI), pela aprovação."
220699,2597224,PRL,1,0,"Parecer do Relator, Dep. Castro Neto (PSD-PI), pela aprovação."
220699,2596536,PRL,1,0,"Parecer do Relator, Dep. Castro Neto (PSD-PI), pela aprovação."
220699,2595818,PEC,48,2025,Altera o inciso XVI do art. 37 da Constituição Federal para permitir a acumulação de cargos públicos por outros profissionais da área da educação.
220699,2591196,PEC,46,2025,Altera a redação do § 4º do art. 212 da Constituição Federal para considerar o programa de alimentação escolar como despesa de manutenção e desenvolvimento de ensino.
220699,2591163,REQ,5289,2025,Requer a quebra de interstício para votação em segundo turno da PEC 72/2023.
220699,2586847,PRL,1,0,"Parecer do Relator, Dep. Castro Neto (PSD-PI), pela aprovação, na forma do Substitutivo da Comissão de Defesa do Consumidor."
220699,2584880,REQ,4896,2025,Requer o registro da Frente Parlamentar Mista do Crédito de Carbono.
220699,2583864,REQ,4797,2025,Requer regime de urgência para apreciação do PL nº 4341/2025.
220699,2582274,PRL,2,0,"Parecer do Relator, Dep. Castro Neto (PSD-PI), pela aprovação."
220699,2582199,REQ,4700,2025,Requer o registro da Frente Parlamentar Mista de Telecomunicações e Soluções Digitais.
220699,2582044,REQ,4692,2025,Requer o registro da Frente Parlamentar Mista em Defesa da Cannabis Medicinal e do Cânhamo Industrial.
220699,2581011,RPD,2,0,Requerimento de Inversão da Pauta - REP 14/2025
220699,2579782,PRL,1,0,"Parecer do Relator, Dep. Castro Neto (PSD-PI), pela aprovação deste, na forma da Subemenda Substitutiva Adotada pela CSPCCO, e pela rejeição do Substitutivo da Comissão de Comunicação."
220699,2579203,REQ,4605,2025,Requer a quebra de interstício para votação em segundo turno da PEC 169/2019.
220699,2578859,REQ,4558,2025,"Requer Moção de Aplausos a Francisco das Chagas Ribeiro Magalhães, em reconhecimento à sua destacada trajetória política, acadêmica e social, em especial pelos seus seis mandatos como deputado estadual pelo Piauí, sua contribuição à educação jurídica na Universidade Federal do Piauí, e sua dedicação na defesa dos direitos do povo piauiense."
220699,2578718,PRL,1,0,"Parecer do Relator, Dep. Castro Neto (PSD-PI), pela aprovação."
220699,2574788,RPD,1,0,Requerimento de Inversão da Pauta - REP 14/2025
220699,2574780,RPD,20,0,Requerimento de Inversão da Pauta - PL 842/2025
220699,2572951,REQ,4302,2025,Requeiro o registro da Frente Parlamentar em Defesa das Confederações e Federações do Esporte e Paradesporto.
220688,2644734,REQ,4125,2026,Requer a criação da Frente Parlamentar Mista pela Integração Continental e Desenvolvimento Sul-Americano
220688,2643283,PL,5042,2026,"Determina que as despesas de capital e parcela das despesas custeadas com receitas próprias de autarquias federais não sejam alcançadas pelo mecanismo de limitação de empenho e movimentação financeira previsto na LRF, e não sejam incluídas na base de cálculo e nos limites estabelecidos no Novo Arcabouço Fiscal para as despesas primárias do Governo Federal."
220688,2641940,PL,4882,2026,Institui o dia 7 de abril como Dia Nacional do Médico Legista.
220688,2641800,PL,4861,2026,Dispõe sobre a institucionalização do Programa Farmácia Popular do Brasil (PFPB).
220688,2631190,PEC,13,2026,"Altera o art. 9º da Emenda Constitucional nº 132, de 20 de dezembro de 2023, para permitir a concessão de créditos do Imposto sobre Bens e Serviços através de fomento indireto a doadores e patrocinadores de projetos culturais e esportivos."
220688,2630684,SBT,1,0,Dispõe sobre direitos dos pacientes com doença renal crônica.
220688,2630682,PRL,1,0,"Parecer do Relator, Dep. Dr. Francisco (PT-PI), pela aprovação do PL 3823/24 e do Substitutivo da Comissão de Saúde, com substitutivo."
220688,2629602,REQ,3266,2026,"Requer dispensa de interstício para a inclusão da Redação Final ao Projeto de Lei nº 3.801, de 2004, na Ordem do Dia de sessão plenária."
220688,2626075,RPD,3,0,Requerimento de Retirada de Matéria da Pauta - PL 5393/2025
220688,2626074,RPD,1,0,Requerimento de Retirada de Matéria da Pauta - PL 801/2022
220688,2626073,RPD,3,0,Requerimento de Retirada de Matéria da Pauta - PL 8033/2017
220688,2623322,REQ,2737,2026,"Requer, nos termos do artigo 155 do Regimento Interno, tramitação sob o regime urgência do Projeto de Lei n.º 5.673/2023."
220688,2621633,PL,2193,2026,Institui a Política Nacional de Cirurgia Ambulatorial (PNCA).
220688,2619364,RPD,1,0,Requerimento de Retirada de Matéria da Pauta - PL 333/2025
220688,2619363,RPD,3,0,Requerimento de Retirada de Matéria da Pauta - PL 1744/2024
220688,2619352,RPD,2,0,Requerimento de Inversão da Pauta - PL 1966/2025
220688,2618839,SBT,2,0,"Altera a Lei nº 13.146, de 6 de julho de 2015 (Estatuto da Pessoa com Deficiência), para instituir o Padrão Nacional de Acessibilidade de Produtos e Serviços (PNAPS), aplicável a bens, produtos e serviços essenciais destinados ao mercado de consumo."
220688,2618837,PRL,2,0,"Parecer do Relator, Dep. Dr. Francisco (PT-PI), pela aprovação deste, com substitutivo."
220688,2618780,REQ,2426,2026,"Requer a inclusão na Ordem do Dia do Plenário do Projeto de Lei Complementar nº 185/2024, que “Regulamenta a aposentadoria especial dos agentes comunitários de saúde e dos agentes de combate às endemias.”"
220688,2616663,PL,1853,2026,"Autoriza a União a instituir empresa estatal, ou subsidiária de sociedade de economia mista federal, para atuar na distribuição de combustíveis, biocombustíveis e gás liquefeito de petróleo (GLP), autoriza a recomposição da presença pública em ativos estratégicos do abastecimento nacional, e estabelece diretrizes para a soberania energética, a segurança do abastecimento, a modicidade de preços e a defesa do consumidor."
220688,2616154,RPD,1,0,Requerimento de Inversão da Pauta - PL 1966/2025
220688,2616090,PL,1832,2026,"Altera a Consolidação das Leis do Trabalho, aprovada pelo Decreto-Lei nº 5.452, de 1º de maio de 1943, para assegurar à empregada que tenha filho, enteado, criança sob guarda ou dependente pessoa com deficiência o direito à redução de sua jornada de trabalho."
220688,2615935,PL,1808,2026,"Proíbe a exploração, a oferta, a promoção e a facilitação de apostas de quota fixa em todo o território nacional, revoga dispositivos das Leis nº 13.756, de 12 de dezembro de 2018, e nº 14.790, de 29 de dezembro de 2023, estabelece medidas de bloqueio de acesso, remoção de aplicações, interrupção de fluxos financeiros, responsabilização de intermediários e proteção de conteúdos de interesse público, e dá outras providências."
220688,2615559,PL,1782,2026,Institui a Estratégia Nacional “Eles por Elas” de Engajamento de Homens na Prevenção da Violência contra Mulheres.
220688,2615287,PL,1754,2026,"Institui a TerraBras, empresa pública destinada à defesa da soberania nacional e ao aproveitamento dos minerais críticos ou estratégicos; estabelece o regime de partilha da produção mineral; altera o Decreto-Lei nº 227, de 28 de fevereiro de 1967, a Lei nº 8.970, de 28 de dezembro de 1994, e a Lei nº 13.575, de 26 de dezembro de 2017; e dá outras providências."
220688,2614101,RPD,7,0,Requerimento de Retirada de Matéria da Pauta - PL 1121/2025
220688,2613996,PL,1656,2026,"Altera a Lei nº 9.250, de 26 de dezembro de 1995, para incluir na relação de despesas dedutíveis do Imposto de Renda da Pessoa Física os gastos com saúde de animais domésticos, e dá outras providências."
220688,2613849,PL,1646,2026,"Institui o Programa Nacional de Capacitação e Gestão Financeira dos Agricultores Familiares (PNCGFAF), com o objetivo de promover a adoção de práticas agrícolas sustentáveis e eficientes, e fortalecer as habilidades em gestão financeira dos agricultores familiares."
220688,2612368,PL,1438,2026,"Altera a Lei nº 14.300, de 6 de janeiro de 2022, que institui o marco legal da microgeração e minigeração distribuída, o Sistema de Compensação de Energia Elétrica (SCEE) e o Programa de Energia Renovável Social (PERS), para garantir a isenção do pagamento de componentes tarifárias pelo uso da rede elétrica por consumidores-geradores de energia solar e outras fontes renováveis."
220688,2609917,RPD,6,0,Requerimento de Retirada de Matéria da Pauta - PL 1121/2025
220688,2609915,RPD,1,0,Requerimento de Inversão da Pauta - PL 2745/2025
220688,2609396,PRL,1,0,"Parecer do Relator, Dep. Dr. Francisco (PT-PI), pela aprovação."
220688,2608574,PL,1138,2026,"Institui a Política Nacional de Programas e Grupos Reflexivos sobre Masculinidades, Prevenção da Violência e Cultura de Paz, estabelece seus princípios, objetivos e diretrizes, e dá outras providências"
220688,2607733,REQ,1355,2026,Requer o registro da Frente Parlamentar em Defesa da Política Nacional de Plantas Medicinais e Fitoterápicos
220688,2607156,PL,965,2026,"Institui a Lei Cidade Segura para Mulheres. Altera a Lei nº 10.257, de 10 de julho de 2001 (Estatuto da Cidade), para incluir, entre as diretrizes gerais da política urbana, a segurança urbana em perspectiva cidadã, com prioridade para a proteção das mulheres e de outros grupos em situação de vulnerabilidade; para prever a promoção de cidades seguras para as mulheres como conteúdo a ser incorporado ao plano diretor; para instituir a auditoria urbana de segurança cidadã como instrumento de planejamento, desenho e gestão dos espaços urbanos. Estabelece medidas de apoio técnico e financeiro, produção de informações e indução federativa pela União."
220688,2607155,PL,964,2026,"Institui a Lei da Mobilidade Segura para as Mulheres, pessoas com deficiência e pessoas idosas. Altera a Lei nº 12.587, de 3 de janeiro de 2012, para instituir diretrizes de promoção da segurança no Sistema Nacional de Mobilidade Urbana, com especial atenção às mulheres, às pessoas com deficiência e às pessoas idosas, dispor sobre segurança nas paradas e no desembarque de transporte público coletivo, no transporte individual remunerado por táxi e por aplicativo e nos trajetos de bicicleta e a pé."
220688,2604425,RPD,4,0,Requerimento de Retirada de Matéria da Pauta - PL 1121/2025
220688,2598301,PEC,50,2025,"Altera os artigos 103-B e 130-A da Constituição Federal, para modificar a composição do Conselho Nacional de Justiça e do Conselho Nacional do Ministério Público."
220688,2597654,RPD,7,0,Requerimento de Retirada de Matéria da Pauta - PL 3152/2024
220688,2597652,RPD,1,0,Requerimento de Retirada de Matéria da Pauta - PLP 38/2024
220688,2596514,PL,6406,2025,Dispõe sobre o reconhecimento da atividade profissional de Baiana do Acarajé e estabelece a necessidade de sua inclusão com nome específico na Classificação Nacional de Atividades Econômicas (CNAE) para fins de registro no Microempreendedor Individual (MEI).
220688,2596372,PEC,49,2025,Altera o § 4º do art. 220 da Constituição Federal para dispor sobre restrições legais à propaganda de qualquer modalidade lotérica.
220688,2595818,PEC,48,2025,Altera o inciso XVI do art. 37 da Constituição Federal para permitir a acumulação de cargos públicos por outros profissionais da área da educação.
220688,2595729,EMP,2,0,Emenda 2 - Elegibilidade
220688,2595727,EMP,1,0,Emenda - Suspensão 6 meses
220688,2593325,SBT,2,0,
220688,2593322,PRL,2,0,"Parecer do Relator, Dep. Dr. Francisco (PT-PI), pela aprovação, com substitutivo."
220688,2591254,RPD,2,0,Requerimento de Retirada de Matéria da Pauta - PL 1121/2025
220688,2591251,RPD,5,0,Requerimento de Retirada de Matéria da Pauta - PL 2714/2024
220688,2591250,RPD,12,0,Requerimento de Retirada de Matéria da Pauta - PL 4735/2023
191923,2646271,REQ,4211,2026,"Requer a desapensação do Projeto de Lei nº 519, de 2026, do Projeto de Lei nº 3.789, de 2023, e sua redistribuição à Comissão de Segurança Pública e Combate ao Crime Organizado."
191923,2645635,PRL,1,0,"Parecer do Relator, Dep. Flávio Nogueira (PT-PI), pela constitucionalidade, juridicidade e técnica legislativa."
191923,2645475,PRL,1,0,"Parecer do Relator, Dep. Flávio Nogueira (PT-PI), pela constitucionalidade, juridicidade e técnica legislativa."
191923,2645474,PRL,1,0,"Parecer do Relator, Dep. Flávio Nogueira (PT-PI), pela constitucionalidade, juridicidade e técnica legislativa."
191923,2645224,PRL,1,0,"Parecer do Relator, Dep. Flávio Nogueira (PT-PI), pela constitucionalidade, juridicidade e técnica legislativa."
191923,2644802,PRL,1,0,"Parecer do Relator, Dep. Flávio Nogueira (PT-PI), pela constitucionalidade, juridicidade e técnica legislativa."
191923,2644801,PRL,1,0,"Parecer do Relator, Dep. Flávio Nogueira (PT-PI), pela constitucionalidade, juridicidade e técnica legislativa."
191923,2644607,PRL,1,0,"Parecer do Relator, Dep. Flávio Nogueira (PT-PI), pela constitucionalidade, juridicidade e técnica legislativa."
191923,2644379,PRL,1,0,"Parecer do Relator, Dep. Flávio Nogueira (PT-PI), pela constitucionalidade, juridicidade e técnica legislativa."
191923,2644378,PRL,1,0,"Parecer do Relator, Dep. Flávio Nogueira (PT-PI), pela constitucionalidade, juridicidade e técnica legislativa."
191923,2644377,PRL,1,0,"Parecer do Relator, Dep. Flávio Nogueira (PT-PI), pela constitucionalidade, juridicidade e técnica legislativa."
191923,2643102,RPD,4,0,Requerimento de Adiamento da Votação
191923,2643101,RPD,3,0,Requerimento de Adiamento da Discussão - PL 3226/2024
191923,2643100,RPD,8,0,Requerimento de Votação Nominal
191923,2643099,RPD,2,0,Requerimento de Votação Nominal
191923,2643098,RPD,1,0,Requerimento de Retirada de Matéria da Pauta
191923,2643097,RPD,7,0,Requerimento de Adiamento da Votação
191923,2643096,RPD,26,0,Requerimento de Adiamento da Votação
191923,2643095,RPD,6,0,Requerimento de Adiamento da Discussão - PL 674/2021
191923,2643094,RPD,25,0,Requerimento de Adiamento da Discussão - PL 1659/2024
191923,2643093,RPD,24,0,Requerimento de Votação Nominal
191923,2643092,RPD,5,0,Requerimento de Retirada de Matéria da Pauta
191923,2643091,RPD,23,0,Requerimento de Retirada de Matéria da Pauta
191923,2643090,RPD,2,0,Requerimento de Votação Nominal
191923,2643089,RPD,1,0,Requerimento de Retirada de Matéria da Pauta - REQ 113/2026 CREDN
191923,2643088,RPD,2,0,Requerimento de Votação Nominal
191923,2643087,RPD,1,0,Requerimento de Retirada de Matéria da Pauta - REQ 112/2026 CREDN
191923,2643086,RPD,2,0,Requerimento de Votação Nominal
191923,2643085,RPD,2,0,Requerimento de Votação Nominal - REQ 111/2026 CREDN
191923,2643084,RPD,2,0,Requerimento de Votação Nominal
191923,2643083,RPD,1,0,Requerimento de Retirada de Matéria da Pauta
191923,2643082,RPD,1,0,Requerimento de Retirada de Matéria da Pauta - REQ 104/2026 CREDN
191923,2643081,RPD,2,0,Requerimento de Votação Nominal
191923,2643080,RPD,1,0,Requerimento de Retirada de Matéria da Pauta
191923,2643079,RPD,1,0,Requerimento de Retirada de Matéria da Pauta - REQ 103/2026 CREDN
191923,2643078,RPD,2,0,Requerimento de Votação Nominal
191923,2643077,RPD,4,0,Requerimento de Votação Nominal - REQ 121/2026 CREDN
191923,2643076,RPD,1,0,Requerimento de Retirada de Matéria da Pauta - REQ 101/2026 CREDN
191923,2643075,RPD,3,0,Requerimento de Votação Nominal
191923,2643074,RPD,3,0,Requerimento de Retirada de Matéria da Pauta - REQ 121/2026 CREDN
191923,2643073,RPD,2,0,Requerimento de Retirada de Matéria da Pauta - REQ 105/2026 CREDN
191923,2643072,RPD,3,0,Requerimento de Votação Nominal
191923,2643071,RPD,2,0,Requerimento de Retirada de Matéria da Pauta
191923,2643070,RPD,2,0,Requerimento de Retirada de Matéria da Pauta - REQ 120/2026 CREDN
191923,2643068,RPD,1,0,Requerimento de Votação Nominal
191923,2643067,RPD,2,0,Requerimento de Votação Nominal
191923,2643066,RPD,2,0,Requerimento de Votação Nominal
191923,2643065,RPD,1,0,Requerimento de Retirada de Matéria da Pauta - REQ 114/2026 CREDN
191923,2643063,RPD,1,0,Requerimento de Retirada de Matéria da Pauta - REQ 108/2026 CREDN
191923,2643061,RPD,2,0,Requerimento de Votação Nominal
220700,2643776,PL,5076,2026,"Institui a Lei de Proteção da Soberania Econômica Nacional contra a Aplicação Extraterritorial de Medidas Estrangeiras, dispõe sobre a proteção das pessoas submetidas à jurisdição brasileira contra medidas coercitivas unilaterais incompatíveis com o ordenamento jurídico nacional, e dá outras providências."
220700,2643283,PL,5042,2026,"Determina que as despesas de capital e parcela das despesas custeadas com receitas próprias de autarquias federais não sejam alcançadas pelo mecanismo de limitação de empenho e movimentação financeira previsto na LRF, e não sejam incluídas na base de cálculo e nos limites estabelecidos no Novo Arcabouço Fiscal para as despesas primárias do Governo Federal."
220700,2637237,PL,3479,2026,"Estabelece o marco legal do Registro Nacional de Beneficiários Finais, dispõe sobre a integração, atualização, verificação, interoperabilidade e acesso às informações relativas aos beneficiários finais de pessoas jurídicas e estruturas legais, e fortalece os mecanismos de prevenção à lavagem de dinheiro, corrupção, evasão fiscal, ocultação patrimonial e infiltração da criminaliza organizada na economia formal."
220700,2631190,PEC,13,2026,"Altera o art. 9º da Emenda Constitucional nº 132, de 20 de dezembro de 2023, para permitir a concessão de créditos do Imposto sobre Bens e Serviços através de fomento indireto a doadores e patrocinadores de projetos culturais e esportivos."
220700,2623462,REC,11,2026,"Recurso contra a tramitação conclusiva do Projeto de Lei nº 4.262/2023, que “Altera a Lei nº 5.517, de 23 de outubro de 1968, para instituir o Exame de Habilitação Profissional em Medicina Veterinária.”"
220700,2622093,REQ,2648,2026,"Requer a inclusão na Ordem do Dia o Projeto de Lei Complementar nº 185, de 2024 que ""Regulamenta a aposentadoria especial dos agentes comunitários de saúde e dos agentes de combate às endemias""."
220700,2622066,REQ,2645,2026,"Requer a inclusão na Ordem do Dia o Projeto de Lei Complementar nº 185, de 2024 que ""Regulamenta a aposentadoria especial dos agentes comunitários de saúde e dos agentes de combate às endemias""."
220700,2620089,PL,2087,2026,"Reconhece a Festa de Nossa Senhora do Carmo realizada no Município de Piracuruca, no Estado do Piauí, como manifestação da cultura nacional."
220700,2620087,PL,2086,2026,"Declara a Festa de Nossa Senhora Mãe da Divina Graça, padroeira da Diocese e da cidade de Parnaíba, no Estado do Piauí, como manifestação da cultura nacional."
220700,2619578,RPD,13,0,Requerimento de Retirada de Matéria da Pauta - PL 3178/2024
220700,2618449,PRL,1,0,"Parecer do Relator, Dep. Florentino Neto (PT-PI), pela não implicação da matéria em aumento ou diminuição da receita ou da despesa públicas, não cabendo pronunciamento quanto à adequação financeira e orçamentária do PL 474/22, e da emenda 1 da Comissão de Trabalho; e, no mérito, pela rejeição do PL 474/22, e da emenda 1 da CTRAB."
220700,2617164,REC,7,2026,"Recurso contra a tramitação conclusiva do Projeto de Lei nº 580/2023, que “submete a desconstituição da coisa julgada tributária, contrária à decisão proferida em controle concentrado ou em sede de repercussão geral, à ação rescisória”."
220700,2616663,PL,1853,2026,"Autoriza a União a instituir empresa estatal, ou subsidiária de sociedade de economia mista federal, para atuar na distribuição de combustíveis, biocombustíveis e gás liquefeito de petróleo (GLP), autoriza a recomposição da presença pública em ativos estratégicos do abastecimento nacional, e estabelece diretrizes para a soberania energética, a segurança do abastecimento, a modicidade de preços e a defesa do consumidor."
220700,2615935,PL,1808,2026,"Proíbe a exploração, a oferta, a promoção e a facilitação de apostas de quota fixa em todo o território nacional, revoga dispositivos das Leis nº 13.756, de 12 de dezembro de 2018, e nº 14.790, de 29 de dezembro de 2023, estabelece medidas de bloqueio de acesso, remoção de aplicações, interrupção de fluxos financeiros, responsabilização de intermediários e proteção de conteúdos de interesse público, e dá outras providências."
220700,2615287,PL,1754,2026,"Institui a TerraBras, empresa pública destinada à defesa da soberania nacional e ao aproveitamento dos minerais críticos ou estratégicos; estabelece o regime de partilha da produção mineral; altera o Decreto-Lei nº 227, de 28 de fevereiro de 1967, a Lei nº 8.970, de 28 de dezembro de 1994, e a Lei nº 13.575, de 26 de dezembro de 2017; e dá outras providências."
220700,2614423,PL,1685,2026,"Dispõe sobre a obrigatoriedade de aceitação, no âmbito do Sistema Único de Saúde (SUS), de laudos, exames e relatórios médicos emitidos por profissionais da rede privada para fins de encaminhamento, regulação e continuidade de tratamento na rede pública de saúde, e dá outras providências."
220700,2613701,PRL,1,0,"Parecer do Relator, Dep. Florentino Neto (PT-PI), pela não implicação da matéria em aumento ou diminuição da receita ou da despesa públicas, não cabendo pronunciamento quanto à adequação financeira e orçamentária do Projeto de Lei nº 3.618, de 2023; e, no mérito, pela aprovação."
220700,2613696,PRL,1,0,"Parecer do Relator, Dep. Florentino Neto (PT-PI), pela incompatibilidade e inadequação financeira e orçamentária do Projeto de Lei Complementar nº
97/2019; do Substitutivo adotado pela Comissão de Desenvolvimento Econômico, Indústria, Comércio e Serviços; e do PLP 196/2020, apensado."
220700,2613617,PRL,1,0,"Parecer do Relator, Dep. Florentino Neto (PT-PI), pela não implicação da matéria em aumento ou diminuição da receita ou da despesa públicas, não cabendo pronunciamento quanto à adequação financeira e orçamentária do PL 555/2022 e da Emenda 1 da CFT; e, no mérito, pela rejeição do PL 555/2022 e da Emenda 1 da CFT."
220700,2612368,PL,1438,2026,"Altera a Lei nº 14.300, de 6 de janeiro de 2022, que institui o marco legal da microgeração e minigeração distribuída, o Sistema de Compensação de Energia Elétrica (SCEE) e o Programa de Energia Renovável Social (PERS), para garantir a isenção do pagamento de componentes tarifárias pelo uso da rede elétrica por consumidores-geradores de energia solar e outras fontes renováveis."
220700,2609679,EMP,20,0,"Emenda com o objetivo de assegurar transparência, controle institucional e acompanhamento parlamentar das medidas de resolução e supervisão do sistema financeiro nacional."
220700,2608629,REC,3,2026,Recurso contra apreciação conclusiva do Projeto de Lei n° 4.890 de 2024.
220700,2608574,PL,1138,2026,"Institui a Política Nacional de Programas e Grupos Reflexivos sobre Masculinidades, Prevenção da Violência e Cultura de Paz, estabelece seus princípios, objetivos e diretrizes, e dá outras providências"
220700,2607733,REQ,1355,2026,Requer o registro da Frente Parlamentar em Defesa da Política Nacional de Plantas Medicinais e Fitoterápicos
220700,2607443,PL,1008,2026,"Altera a Lei nº 11.340, de 7 de agosto de 2006 (Lei Maria da Penha), para estabelecer princípios e diretrizes para a cobertura jornalística e publicitária da violência contra a mulher, promovendo a informação responsável e a proteção das vítimas, com respeito à liberdade de imprensa."
220700,2602039,RPD,12,0,Requerimento de Adiamento da Votação
220700,2602038,RPD,11,0,Requerimento de Adiamento da Discussão - PL 4790/2024
220700,2602034,RPD,10,0,Requerimento de Votação Nominal
220700,2602033,RPD,9,0,Requerimento de Retirada de Matéria da Pauta
220700,2602032,RPD,15,0,Requerimento de Adiamento da Votação
220700,2602031,RPD,14,0,Requerimento de Adiamento da Discussão - PL 690/2023
220700,2602030,RPD,12,0,Requerimento de Votação Nominal
220700,2602028,RPD,11,0,Requerimento de Retirada de Matéria da Pauta
220700,2602027,RPD,12,0,Requerimento de Adiamento da Votação
220700,2602026,RPD,11,0,Requerimento de Adiamento da Discussão - PL 342/2022
220700,2602025,RPD,10,0,Requerimento de Votação Nominal
220700,2602024,RPD,9,0,Requerimento de Retirada de Matéria da Pauta
220700,2602021,RPD,8,0,Requerimento de Adiamento da Votação
220700,2602020,RPD,7,0,Requerimento de Adiamento da Discussão - PL 1732/2025
220700,2602018,RPD,6,0,Requerimento de Votação Nominal
220700,2602017,RPD,5,0,Requerimento de Retirada de Matéria da Pauta
220700,2602015,RPD,26,0,Requerimento de Adiamento da Votação
220700,2602014,RPD,25,0,Requerimento de Adiamento da Discussão - PL 3580/2024
220700,2602012,RPD,24,0,Requerimento de Votação Nominal
220700,2602011,RPD,23,0,Requerimento de Retirada de Matéria da Pauta
220700,2602010,RPD,12,0,Requerimento de Adiamento da Votação
220700,2602009,RPD,11,0,Requerimento de Adiamento da Discussão - PL 2147/2025
220700,2602008,RPD,10,0,Requerimento de Votação Nominal
220700,2602006,RPD,9,0,Requerimento de Retirada de Matéria da Pauta
220700,2602004,RPD,10,0,Requerimento de Adiamento da Votação
220697,2646331,REQ,40,2026,"Requer inclusão de convidado em audiência pública no âmbito da Comissão de Desenvolvimento do Req. 38/2026 CDE, para aprofundar o debate do Projeto de Lei nº 5.960/2025 que “Institui o Marco de Fomento à Economia Digital no Brasil”."
220697,2646330,PL,5338,2026,"Institui a Lei Sinal de Risco, sobre a comunicação emergencial de situações de risco concreto e grave à vida ou à integridade física identificadas no âmbito de serviços digitais."
220697,2645912,EMP,2,0,Dispõe sobre regras relativas a    benefícios tributários e despesas obrigatórias no exercício de 2026.
220697,2645811,EMC,79,2026,Dá nova redação à MPV 1357/2026
220697,2645782,EMC,50,2026,Dá nova redação à MPV 1357/2026
220697,2644769,REQ,38,2026,"Requer a realização de audiência pública, no âmbito da Comissão de Desenvolvimento Econômico, para aprofundar o debate sobre o Projeto de Lei nº 5.960, de 2025, que institui o Marco de Fomento à Economia Digital no Brasil."
220697,2644734,REQ,4125,2026,Requer a criação da Frente Parlamentar Mista pela Integração Continental e Desenvolvimento Sul-Americano
220697,2644526,PRL,1,0,"Parecer do Relator, Dep. Jadyel Alencar (REPUBLIC-PI), pela aprovação."
220697,2642360,SBT,1,0,"Acrescenta dispositivos à Lei nº 9.472, de 16 de julho de 1997 (Lei Geral de Telecomunicações), para dispor sobre a identificação obrigatória de chamadas de telemarketing e estabelecer medidas de proteção ao consumidor contra práticas abusivas"
220697,2642359,PRL,1,0,"Parecer do Relator, Dep. Jadyel Alencar (REPUBLIC-PI), pela aprovação do PL 4032/2025 e dos apensados PL 4036/2025 e PL 4148/2025, com substitutivo."
220697,2642334,PRL,1,0,"Parecer do Relator, Dep. Jadyel Alencar (REPUBLIC-PI), pela rejeição."
220697,2640403,REQ,3956,2026,Requer a criação da Frente Parlamentar Mista em Defesa do Programa Espacial Brasileiro.
220697,2640186,SBT,1,0,
220697,2640185,PRL,1,0,"Parecer do Relator, Dep. Jadyel Alencar (REPUBLIC-PI), pela aprovação, com substitutivo."
220697,2638533,PRL,1,0,"Parecer do Relator, Dep. Jadyel Alencar (REPUBLIC-PI), pela aprovação."
220697,2637865,PRL,1,0,"Parecer do Relator, Dep. Jadyel Alencar (REPUBLIC-PI), pela aprovação."
220697,2637584,PRL,1,0,"Parecer do Relator, Dep. Jadyel Alencar (REPUBLIC-PI), pela aprovação."
220697,2637582,PRL,1,0,"Parecer do Relator, Dep. Jadyel Alencar (REPUBLIC-PI), pela aprovação."
220697,2637576,PRL,1,0,"Parecer do Relator, Dep. Jadyel Alencar (REPUBLIC-PI), pela aprovação."
220697,2637573,PRL,2,0,"Submete à apreciação do Congresso Nacional o ato constante da Portaria nº 15.566, de 16 de dezembro de 2024, publicada no Diário Oficial da União de 12 de fevereiro de 2025, que outorga autorização à Associação Comunitária Nossa Senhora das Mercês, Matriz FM, para executar, pelo prazo de dez anos, sem direito de exclusividade, o serviço de radiodifusão comunitária, no Município de Bom Jesus, Estado do Piauí."
220697,2637571,PRL,1,0,"Parecer do Relator, Dep. Jadyel Alencar (REPUBLIC-PI), pela aprovação."
220697,2637569,PRL,1,0,"Parecer do Relator, Dep. Jadyel Alencar (REPUBLIC-PI), pela aprovação."
220697,2637568,PRL,1,0,"Parecer do Relator, Dep. Jadyel Alencar (REPUBLIC-PI), pela aprovação."
220697,2637567,PRL,1,0,"Parecer do Relator, Dep. Jadyel Alencar (REPUBLIC-PI), pela aprovação."
220697,2637566,PRL,1,0,"Parecer do Relator, Dep. Jadyel Alencar (REPUBLIC-PI), pela aprovação."
220697,2637565,PRL,1,0,"Parecer do Relator, Dep. Jadyel Alencar (REPUBLIC-PI), pela aprovação."
220697,2637564,PRL,1,0,"Parecer do Relator, Dep. Jadyel Alencar (REPUBLIC-PI), pela aprovação."
220697,2635440,SBT,2,0,"Altera a Lei nº 15.042, de 11 de dezembro de 2024, para disciplinar a utilização do mecanismo de ajuste de carbono nas fronteiras previsto no inciso XXVI do caput do art. 8º."
220697,2635437,PRL,2,0,"Parecer do Relator, Dep. Jadyel Alencar (REPUBLIC-PI), pela aprovação do PL 3838/24, com substitutivo."
220697,2635163,SBT,3,0,"Modifica a Lei nº 8.069, de 13 de julho de 1990 (Estatuto da Criança e do Adolescente), para dispor sobre a proteção do direito à imagem da criança e do adolescente em ambiente virtual."
220697,2635162,PRL,3,0,"Parecer do Relator, Dep. Jadyel Alencar (REPUBLIC-PI), pela aprovação, com substitutivo."
220697,2634680,PL,3254,2026,Institui o Open Asset Brasil.
220697,2633014,RPD,1,0,Requerimento de Inclusão de Matéria na Ordem do Dia para Apreciação Imediata - REQ 33/2026
220697,2632930,RPD,2,0,Requerimento de Inversão da Pauta - PL 9539/2018
220697,2632929,RPD,2,0,Requerimento de Inversão da Pauta - PL 2349/2022
220697,2632928,REQ,33,2026,"Requer realização de Audiência Pública para debater o Projeto de Lei nº 4.308/2024, que disciplina as stablecoins."
220697,2632459,REQ,31,2026,"Requer a realização de audiência pública, no âmbito da Comissão de Desenvolvimento Econômico, para debater o PL 5.960, de 2025, que Institui o Marco de Fomento à Economia Digital no Brasil, em tramitação nesta comissão."
220697,2632263,SBT,2,0,"Modifica a Lei nº 8.069, de 13 de julho de 1990 (Estatuto da Criança e do Adolescente), para dispor sobre a proteção do direito à imagem da criança e do adolescente em ambiente virtual."
220697,2632260,PRL,2,0,"Parecer do Relator, Dep. Jadyel Alencar (REPUBLIC-PI), pela aprovação, com substitutivo."
220697,2631190,PEC,13,2026,"Altera o art. 9º da Emenda Constitucional nº 132, de 20 de dezembro de 2023, para permitir a concessão de créditos do Imposto sobre Bens e Serviços através de fomento indireto a doadores e patrocinadores de projetos culturais e esportivos."
220697,2630226,SBT,1,0,"Institui exigências de compensação de pegada de carbono para produtos e serviços provenientes da União Europeia, com base na Cédula de Produto Rural Verde (CPR Verde), e dá outras providências."
220697,2630224,PRL,1,0,"Parecer do Relator, Dep. Jadyel Alencar (REPUBLIC-PI), pela aprovação, com substitutivo."
220697,2629793,PRL,1,0,"Parecer do Relator, Dep. Jadyel Alencar (REPUBLIC-PI), pela aprovação."
220697,2627437,SBT,1,0,"Altera a Lei nº 8.069, de 13 de julho de 1990, para dispor sobre a proteção do direito à imagem, à identidade, à intimidade e aos demais direitos da personalidade de crianças e adolescentes em ambiente digital."
220697,2627435,PRL,1,0,"Parecer do Relator, Dep. Jadyel Alencar (REPUBLIC-PI), pela aprovação deste, com Substitutivo."
220697,2627104,REQ,24,2026,"Requer realização de Audiência Pública para debater os impactos econômicos da nova geração de modelos de Inteligência Artificial de fronteira sobre a competitividade da economia brasileira, a estabilidade do setor financeiro, a segurança digital do setor produtivo e a proteção das infraestruturas críticas nacionais, bem como sua relação com o marco regulatório brasileiro de IA."
220697,2626091,RPD,20,0,Requerimento de Inversão da Pauta - PL 2059/2019
220697,2626090,RPD,1,0,Requerimento de Inversão da Pauta - PL 2349/2022
220697,2626089,RPD,1,0,Requerimento de Inversão da Pauta - PL 4099/2020
220697,2626087,RPD,1,0,Requerimento de Inversão da Pauta - REQ 22/2026 CDE
66385,2636567,SBT,1,0,Altera dispositivos do Código de Processo Civil Brasileiro para dispor sobre a responsabilidade das partes por Dano Processual
66385,2636446,PRL,1,0,"Parecer do Relator, Dep. Julio Arcoverde (PP-PI), pela constitucionalidade, juridicidade e técnica legislativa e, no mérito, pela aprovação do Projeto de Lei nº 6.121/2019, com substitutivo."
66385,2627583,REQ,3131,2026,"Requer, nos termos do art. 104 do Regimento Interno da Câmara dos Deputados, a retirada de tramitação da Emenda nº 1 apresentada à PEC nº 221/2019"
66385,2627399,REQ,3087,2026,"Requer a retirada de assinatura das emendas nº 1 e 2 apresentadas à PEC 211, de 2019."
66385,2626624,PRL,1,0,"Parecer do Relator, Dep. Julio Arcoverde (PP-PI), pela constitucionalidade, juridicidade e técnica legislativa do PL 4584/2024, na forma do Substitutivo da Comissão de Cultura."
66385,2626623,PRL,1,0,"Parecer do Relator, Dep. Julio Arcoverde (PP-PI), pela constitucionalidade, juridicidade e técnica legislativa."
66385,2624863,EMC,2,0,"Altera o Art. 7º inciso XII da constituição Federal, reduzindo a jornada de trabalho a 36 horas semanais em 10 anos."
66385,2624861,EMC,1,0,"Altera o Art. 7º inciso XIII da Constituição Federal, reduzindo a jornada de trabalho a 36 horas semanais em 10 anos."
66385,2623604,PEC,9,2026,"Altera o art. 228 da Constituição Federal, para reduzir a idade mínima de imputabilidade penal, nas condições que estabelece."
66385,2623563,PRL,1,0,"Parecer do Relator, Dep. Julio Arcoverde (PP-PI), pela constitucionalidade, juridicidade e técnica legislativa deste, do Projeto de Lei nº 607/2023, apensado e do Substitutivo da Comissão de Segurança Pública e Combate ao Crime Organizado."
66385,2622466,SBR,1,0,"Parecer do Relator. PROJETO DE LEI Nº 3.995, DE 2012. Acrescenta art. 197-A à Consolidação das Leis do Trabalho (CLT), aprovada pelo Decreto-Lei nº 5.452, de 1º de maio de 1943, para considerar insalubre e penosa a atividade profissional dos empregados em serviços de limpeza, asseio, conservação e coleta de lixo, e para dar outras providências."
66385,2622189,REQ,2666,2026,Requer a inclusão na Ordem do Dia do Plenário para votação imediata do Projeto de Lei Complementar nº 185/2024.
66385,2622049,PRL,1,0,"Parecer do Relator, Dep. Julio Arcoverde (PP-PI), pela constitucionalidade, juridicidade e técnica legislativa deste, dos Projetos de Lei nº 7.159/2010, 3.184/2012, 3.119/2015, 5.583/2016, 6.264/2016, 8.661/2017 e 10.865/2018, apensados, e do Substitutivo da Comissão de Saúde, com subemenda substitutiva."
66385,2617166,RCP,2,2026,"Requer, nos termos do § 3º do art. 58 da Constituição Federal e dos arts. 35, 36 e 37, do Regimento Interno da Câmara dos Deputados, a criação de Comissão Parlamentar de Inquérito, com a finalidade de investigar a prática de atos de crueldade contra animais e as circunstâncias que envolveram a morte do Cão Orelha, ocorrida em Florianópolis/SC, em 2026."
66385,2612368,PL,1438,2026,"Altera a Lei nº 14.300, de 6 de janeiro de 2022, que institui o marco legal da microgeração e minigeração distribuída, o Sistema de Compensação de Energia Elétrica (SCEE) e o Programa de Energia Renovável Social (PERS), para garantir a isenção do pagamento de componentes tarifárias pelo uso da rede elétrica por consumidores-geradores de energia solar e outras fontes renováveis."
66385,2611318,REQ,4,2026,Requer a realização de audiência pública para debater a prestação dos serviços de abastecimento de água e esgotamento sanitário no Estado do Piauí.
66385,2608981,PRL,1,0,"Parecer do Relator, Dep. Julio Arcoverde (PP-PI), pela constitucionalidade, juridicidade e técnica legislativa deste, dos Projetos de Lei n° 8003/2017, 8488/2017 e 121/2019, apensados, e do Substitutivo da Comissão de Saúde."
66385,2607763,RDF,1,0,Redação Final ao PDL 811/2025
66385,2607762,RDF,1,0,Redação Final ao PDL 715/2025
66385,2607761,RDF,1,0,Redação Final ao PDL 584/2025
66385,2607760,RDF,1,0,Redação Final ao PDL 553/2025
66385,2607574,REQ,1334,2026,"Requer a desapensação do Projeto de Lei nº 2.816, de 2011, e seus apensados, do Projeto de Lei nº 5.738, de 2019, que “Altera a Lei nº 9.503, de 23 de setembro de 1997 (Código de Trânsito Brasileiro), para dispor sobre a utilização, pelos órgãos de segurança pública da União, dos Estados e do Distrito Federal, de veículos recolhidos e sem identificação”."
66385,2607035,REQ,1288,2026,"Requer a dispensa do interstício regimental entre o primeiro e o segundo turno de deliberação da Proposta de Emenda à Constituição nº 18, de 2025."
66385,2604173,PEC,3,2026,"Altera o art. 155 da Constituição Federal para estabelecer alíquota máxima e base de cálculo exclusiva do Imposto sobre a Propriedade de Veículos Automotores – IPVA, e acrescenta dispositivos ao Ato das Disposições Constitucionais Transitórias para limitar despesas com publicidade institucional e com o Poder Legislativo."
66385,2576168,PEC,38,2025,"Altera normas sobre a Administração Pública brasileira para aperfeiçoar a governança e a gestão pública, promover a transformação digital, impulsionar a profissionalização e extinguir privilégios no serviço público."
66385,2575204,REQ,4383,2025,"Requer o apensamento da Proposta de Emenda à Constituição nº 6, de 2024, à Proposta de Emenda à Constituição nº 555, de 2006."
66385,2568074,REQ,4167,2025,"REQUERIMENTO DE QUEBRA DE INTERSTÍCIO DE 5 SESSÕES ENTRE OS 2 TURNOS DA PEC 14/2021, QUE  Altera o art. 198 da Constituição Federal para estabelecer o Sistema de Proteção Social e Valorização dos Agentes Comunitários de Saúde e Agentes de Combate às Endemias, a aposentadoria especial e exclusiva, e fixar a responsabilidade do gestor local do SUS pela regularidade do vínculo empregatício desses profissionais."
66385,2568071,REQ,4166,2025,"REQUERIMENTO DE QUEBRA DE INTERSTÍCIO DE 2 SESSÕES PARA QUE A PEC 14/2021, QUE  ""Altera o art. 198 da Constituição Federal para estabelecer o Sistema de Proteção Social e Valorização dos Agentes Comunitários de Saúde e Agentes de Combate às Endemias, a aposentadoria especial e exclusiva, e fixar a responsabilidade do gestor local do SUS pela regularidade do vínculo empregatício desses profissionais"", SEJA APRECIADA EM PLENÁRIO."
66385,2566764,EMC,15,0,Emenda PEC 18 Competências da PRF Polícia Rodoviária Federal
66385,2566762,EMC,14,0,Emenda PEC 18 - Magistério e Saúde para Policiais
66385,2566661,EMC,12,0,Emenda PEC 18 - Adicional Noturno para Policiais
66385,2566324,EMC,8,0,"Altera os art. 21, art. 22, art. 23, art. 24 e art. 144 da Constituição, para dispor sobre competências da União, dos Estados, do Distrito Federal e dos Municípios relativas à segurança pública."
66385,2566202,EMC,7,0,Emenda PEC 18 - Agentes de Trânsito
66385,2566155,EMC,6,0,"Altera os art. 21, art. 22, art. 23, art. 24 e art. 144 da Constituição, para dispor sobre competências da União, dos Estados, do Distrito Federal e dos Municípios relativas à segurança pública."
66385,2566154,EMC,5,0,"COMISSÃO ESPECIAL DESTINADA A PROFERIR PARECER À PROPOSTA DE EMENDA À CONSTITUIÇÃO No 18, DE 2025

PROPOSTA DE EMENDA À CONSTITUIÇÃO No 18, DE 2025

Altera os art. 21, art. 22, art. 23, art. 24 e art. 144 da Constituição, para dispor sobre competências da União, dos Estados, do Distrito Federal e dos Municípios relativas à segurança pública.


EMENDA Nº -
(à PEC nº 18/2025)"
66385,2566041,EMP,57,0,"Altera a legislação do imposto sobre a renda para instituir a redução do imposto devido nas bases de cálculo mensal e anual e a tributação mínima para as pessoas físicas que auferem altas rendas, e dá outras providências."
66385,2563546,EMP,39,0,"Altera a legislação do imposto sobre a renda para instituir a redução do imposto devido nas bases de cálculo mensal e anual e a tributação mínima para as pessoas físicas que auferem altas rendas, e dá outras providências."
66385,2563274,REQ,3853,2025,Requer a criação da Frente Parlamentar em defesa da indústria da musica.
66385,2561475,REQ,3818,2025,Requer a quebra de interstício para votação do segundo turno da PEC 03/2021.
66385,2558508,EMC,568,2025,Dá nova redação à MPV 1300/2025
66385,2551011,PEC,32,2025,"Esta Lei altera o artigo 5º, inciso XLIII, da Constituição Federal, o qual prevê que nos casos de crimes previstos neste inciso, a pena deverá ser cumprida integralmente em regime fechado, por eles respondendo os mandantes, os executores e os que, podendo evitá-los, se omitirem, e dá outras providências."
66385,2545770,REQ,3287,2025,Requer o Registro da Frente Parlamentar em Defesa da Educação para o Trânsito e Formação de Condutores de Veículos Automotores
66385,2545769,REQ,3286,2025,Requer a criação da “Frente Parlamentar em Defesa do Desenvolvimento da Inteligência Artificial no Brasil e de seus Usuários.”
66385,2544944,PRL,1,0,"Parecer do Relator, Dep. Julio Arcoverde (PP-PI), pela aprovação."
66385,2537335,SBT,2,0,"Assegurar aos estudantes, pessoas com deficiência, jovens de 15 a 29 anos comprovadamente carentes e idosos o acesso a pontos turísticos"
66385,2537334,PRL,3,0,"Parecer do Relator, Dep. Julio Arcoverde (PP-PI), pela aprovação deste, do PL 4118/2019, do PL 5249/2019, e do PL 2845/2022, apensados, na forma do substitutivo."
66385,2536894,RIC,4292,2025,"Requer informações ao Excelentíssimo Senhor Ministro de Estado da Fazenda FERNANDO HADDAD, sobre a criação, regulamentação e operação de serviços públicos de loteria por entes municipais, à luz da jurisprudência do Supremo Tribunal Federal e da Lei nº 14.790/2023."
66385,2536852,PL,3453,2025,"Insere parágrafo no art. 26 da Lei nº 9.394, de 1996, de diretrizes e bases da educação nacional, para incluir a educação financeira como tema transversal nos currículos do ensino fundamental e médio."
66385,2536664,REQ,2773,2025,"Requer dispensa do interstício regimental para a inclusão da Proposta de Emenda à Constituição nº 66, de 2023, na Ordem do Dia do Plenário."
66385,2526996,REQ,2343,2025,"Requer, o registro da Frente Parlamentar Mista da transparência dos precatórios – FPTP. Nos termos do ato da mesa n° 69 de novembro de 2005."
74317,2644800,PEC,16,2026,Acrescenta os art. 68-A no Ato das Disposições Constitucionais Transitórias para ratificar os registros de imóveis rurais em faixa de fronteira concedidos pelos estados antes da promulgação desta Constituição Federal e dá outras providências.
74317,2644734,REQ,4125,2026,Requer a criação da Frente Parlamentar Mista pela Integração Continental e Desenvolvimento Sul-Americano
74317,2639490,REQ,3866,2026,Requer urgência para apreciação do Projeto de Lei nº. 2585/2026 que dispõe sobre as garantias relativas à prisão de membros da Defensoria Pública.
74317,2638379,REQ,3819,2026,"Requer urgência para apreciação do Projeto de Lei Complementar nº. 179/2026 que altera a Lei Complementar nº 224, de 2025, para excepcionar da redução de benefícios fiscais e incentivos de IRPJ relativos a projetos aprovados no âmbito das políticas de desenvolvimento regional."
74317,2634042,PLP,179,2026,"Altera a Lei Complementar nº 224, de 2025, para excepcionar da redução de benefícios fiscais os incentivos de IRPJ relativos a projetos aprovados no âmbito das políticas de desenvolvimento regional."
74317,2633488,PEC,15,2026,Altera os art. 150 Constituição Federal para incluir as entidades esportivas sem fins lucrativos.
74317,2633473,PL,3186,2026,"Dispõe sobre mecanismos de regularização fiscal, ampliando os instrumentos de regularização de dívidas tributárias e não tributárias com a União, suas autarquias e fundações públicas, altera a Lei nº 13.988, de 14 de abril de 2020, e dá outras providências."
74317,2621462,EMP,4,0,"Emenda de Plenário ao PL 5415, de 2005, que ""Altera a redação do inciso VII, do art. 6º, da Lei nº 10.826, de 2003, autorizando o porte de arma para os Oficiais de Justiça."""
74317,2621322,EMP,2,0,"Altera o art. 6º da Lei n° 10.826, de 2003 (Estatuto do Desarmamento)."
74317,2619404,RPD,2,0,Requerimento de Retirada de Matéria da Pauta - PL 3178/2024
74317,2618107,REQ,15,2026,Requer a realização de Audiência Pública para debater o Pacto pela Formalidade no Emprego Doméstico
74317,2612368,PL,1438,2026,"Altera a Lei nº 14.300, de 6 de janeiro de 2022, que institui o marco legal da microgeração e minigeração distribuída, o Sistema de Compensação de Energia Elétrica (SCEE) e o Programa de Energia Renovável Social (PERS), para garantir a isenção do pagamento de componentes tarifárias pelo uso da rede elétrica por consumidores-geradores de energia solar e outras fontes renováveis."
74317,2602311,EMP,23,0,"Altera a Lei nº 11.196, de 21 de novembro de 2005, para instituir o Regime Especial de Tributação para Serviços de Datacenter – REDATA, e a Lei nº 15.211, de 17 de setembro de 2025"
74317,2602310,EMP,22,0,"Altera a Lei nº 11.196, de 21 de novembro de 2005, para instituir o Regime Especial de Tributação para Serviços de Datacenter – REDATA, e a Lei nº 15.211, de 17 de setembro de 2025."
74317,2597633,RPD,1,0,Requerimento de Inclusão de Matéria na Ordem do Dia para Apreciação Imediata - PL 3178/2024
74317,2594779,RPD,1,0,Requerimento de Inclusão de Matéria na Ordem do Dia para Apreciação Imediata - PLP 79/2025
74317,2594096,REQ,5548,2025,"Requer urgência para apreciação do Projeto de Lei Complementar nº. 185/2024 que regulamenta a aposentadoria especial dos agentes comunitários de saúde e dos agentes de combate às endemias, prevista no § 10 do art. 198 da Constituição Federal."
74317,2591442,RPD,1,0,Requerimento de Inclusão de Matéria na Ordem do Dia para Apreciação Imediata - PL 1827/2019
74317,2591196,PEC,46,2025,Altera a redação do § 4º do art. 212 da Constituição Federal para considerar o programa de alimentação escolar como despesa de manutenção e desenvolvimento de ensino.
74317,2579554,EMC,301,2025,Dá nova redação à MPV 1304/2025
74317,2579553,EMC,300,2025,Dá nova redação à MPV 1304/2025
74317,2576180,REQ,4415,2025,"Requer o registro da ""Frente Parlamentar Mista do Serviço Exterior Brasileiro."
74317,2573899,REQ,99,2025,"Requer a apresentação de requerimento de urgência para a apreciação do Projeto de Lei 5.076, de 2025."
74317,2573434,REQ,4326,2025,"Requer a apresentação de requerimento de urgência para a apreciação do Projeto de Lei 5.076, de 2025."
74317,2572951,REQ,4302,2025,Requeiro o registro da Frente Parlamentar em Defesa das Confederações e Federações do Esporte e Paradesporto.
74317,2572776,PL,5237,2025,Institui a Semana Nacional do Pequeno Investidor.
74317,2572775,PL,5236,2025,"Altera a Lei nº 6.385, de 7 de dezembro de 1976, para estabelecer que o Presidente da Comissão de Valores Mobiliários deverá apresentar semestralmente no Senado Federal, em arguição pública, relatório indicando os pontos fundamentais da evolução do mercado de valores mobiliários e os fatos mais relevantes da atuação da autarquia no cumprimento de seu mandato."
74317,2572105,PL,5177,2025,"Altera a Lei nº 10.406, de 10 de janeiro de 2002 (Código Civil), para estabelecer como regra a não sujeição do mandato a prazos de validade."
74317,2568074,REQ,4167,2025,"REQUERIMENTO DE QUEBRA DE INTERSTÍCIO DE 5 SESSÕES ENTRE OS 2 TURNOS DA PEC 14/2021, QUE  Altera o art. 198 da Constituição Federal para estabelecer o Sistema de Proteção Social e Valorização dos Agentes Comunitários de Saúde e Agentes de Combate às Endemias, a aposentadoria especial e exclusiva, e fixar a responsabilidade do gestor local do SUS pela regularidade do vínculo empregatício desses profissionais."
74317,2568071,REQ,4166,2025,"REQUERIMENTO DE QUEBRA DE INTERSTÍCIO DE 2 SESSÕES PARA QUE A PEC 14/2021, QUE  ""Altera o art. 198 da Constituição Federal para estabelecer o Sistema de Proteção Social e Valorização dos Agentes Comunitários de Saúde e Agentes de Combate às Endemias, a aposentadoria especial e exclusiva, e fixar a responsabilidade do gestor local do SUS pela regularidade do vínculo empregatício desses profissionais"", SEJA APRECIADA EM PLENÁRIO."
74317,2567250,EMC,21,0,"Art. 1º Acrescente-se os §º 7-A e §º 7-B, ao art. 144 da Constituição Federal, no art.1º da Proposta de Emenda à Constituição nº 18, de 2025, com a seguinte redação:"
74317,2566762,EMC,14,0,Emenda PEC 18 - Magistério e Saúde para Policiais
74317,2566661,EMC,12,0,Emenda PEC 18 - Adicional Noturno para Policiais
74317,2566440,EMC,9,0,"Altera os art. 21, art. 22, art. 23, art. 24 e art. 144 da Constituição, para dispor sobre competências da União, dos Estados, do Distrito Federal e dos Municípios relativas à segurança pública."
74317,2566324,EMC,8,0,"Altera os art. 21, art. 22, art. 23, art. 24 e art. 144 da Constituição, para dispor sobre competências da União, dos Estados, do Distrito Federal e dos Municípios relativas à segurança pública."
74317,2566155,EMC,6,0,"Altera os art. 21, art. 22, art. 23, art. 24 e art. 144 da Constituição, para dispor sobre competências da União, dos Estados, do Distrito Federal e dos Municípios relativas à segurança pública."
74317,2564507,REQ,3906,2025,Requer a criação da Frente Parlamentar Mista em Defesa dos Vereadores e das Câmaras Municipais.
74317,2563274,REQ,3853,2025,Requer a criação da Frente Parlamentar em defesa da indústria da musica.
74317,2558149,EMC,268,2025,Dá nova redação à MPV 1300/2025
74317,2558148,EMC,267,2025,Dá nova redação à MPV 1300/2025
74317,2558135,EMC,255,2025,Dá nova redação à MPV 1300/2025
74317,2557800,REQ,3745,2025,Requer o registro da Frente Parlamentar de combate à violência em ambiente digital contra crianças e adolescentes.
74317,2557024,PEC,34,2025,"Acrescenta o inciso IX ao art. 225, §º1 da Constituição Federal, a alínea “e” ao inciso II do art. 9º, §3º e o §14 ao art. 9º da Emenda Constitucional 132/2023 para corrigir o tratamento injusto concedido pela Reforma Tributária aos agentes que atuam no setor de reciclagem, desvalorizando os materiais recicláveis e desincentivando a economia circular."
74317,2553329,RPD,31,0,Votação Nominal do Requerimento de Retirada de Pauta - PL 4504/2023-Requerimento de Retirada de Matéria da Pauta - PL 4504/2023
74317,2553325,RPD,30,0,Requerimento de Retirada de Matéria da Pauta - PL 4504/2023
74317,2553323,RPD,29,0,Requerimento de Votação Nominal - PL 4504/2023
74317,2545887,REQ,3314,2025,"Requer a instalação da Frente parlamentar em defesa dos Controladores de tráfego aéreo, Operadores de Estação Aeronáutica, Meteorologistas e Profissionais da Navegação Aérea."
74317,2545770,REQ,3287,2025,Requer o Registro da Frente Parlamentar em Defesa da Educação para o Trânsito e Formação de Condutores de Veículos Automotores
74317,2544926,PEC,31,2025,"Altera os arts. 5º e 10 da Emenda Constitucional nº 103, de 12 de novembro de 2019, para reduzir a idade de aposentadoria da mulher ocupante de cargo de agente penitenciário, agente socioeducativo ou de policial dos órgãos referidos."
74317,2543388,RPD,20,0,Requerimento de Votação Nominal - PL 4504/2023
204431,2622510,REQ,2701,2026,"Requeiro a V. Exª, nos termos do inciso XIV, do art. 114, do Regimento Interno da Câmara dos Deputados (RICD), que seja incluído na Ordem do Dia o Projeto de Lei Complementar nº 185, de 2024, que “Regulamenta a aposentadoria especial dos agentes comunitários de saúde e dos agentes de combate às endemias"
204431,2612368,PL,1438,2026,"Altera a Lei nº 14.300, de 6 de janeiro de 2022, que institui o marco legal da microgeração e minigeração distribuída, o Sistema de Compensação de Energia Elétrica (SCEE) e o Programa de Energia Renovável Social (PERS), para garantir a isenção do pagamento de componentes tarifárias pelo uso da rede elétrica por consumidores-geradores de energia solar e outras fontes renováveis."
204431,2590106,PRL,1,0,"Parecer do Relator, Dep. Marcos Aurélio Sampaio (PSD-PI), pela rejeição."
204431,2590060,PRL,3,0,"Parecer do Relator, Dep. Marcos Aurélio Sampaio (PSD-PI), pela rejeição."
204431,2582199,REQ,4700,2025,Requer o registro da Frente Parlamentar Mista de Telecomunicações e Soluções Digitais.
204431,2567173,EMC,20,0,Emenda à PEC 18/2025
204431,2566762,EMC,14,0,Emenda PEC 18 - Magistério e Saúde para Policiais
204431,2566661,EMC,12,0,Emenda PEC 18 - Adicional Noturno para Policiais
204431,2566324,EMC,8,0,"Altera os art. 21, art. 22, art. 23, art. 24 e art. 144 da Constituição, para dispor sobre competências da União, dos Estados, do Distrito Federal e dos Municípios relativas à segurança pública."
204431,2566155,EMC,6,0,"Altera os art. 21, art. 22, art. 23, art. 24 e art. 144 da Constituição, para dispor sobre competências da União, dos Estados, do Distrito Federal e dos Municípios relativas à segurança pública."
204431,2564491,EMC,2,0,"Altera os art. 21, art. 22, art. 23, art. 24 e art. 144 da Constituição, para dispor sobre competências da União, dos Estados, do Distrito Federal e dos Municípios relativas à segurança pública."
204431,2564490,EMC,1,0,"Altera os art. 21, art. 22, art. 23, art. 24 e art.144 da Constituição, para dispor sobre competências da União, dos Estados, do Distrito Federal e dos Municípios relativas à segurança pública."
204431,2557800,REQ,3745,2025,Requer o registro da Frente Parlamentar de combate à violência em ambiente digital contra crianças e adolescentes.
204431,2531556,INC,1530,2025,"Sugere que o novo Campus do Instituto Federal de Educação, Ciência e Tecnologia do Piauí – IFPI, atualmente em construção no município de Esperantina/PI, passe a denominar-se “Campus Leonardo Castelo Branco”, em homenagem ao poeta, cientista e revolucionário piauiense Leonardo de Nossa Senhora das Dores Castelo Branco (1788-1873)."
204431,2525586,EMC,10,0,"Emenda à PEC 66/2023, que Institui limite para o pagamento de precatórios pelos Municípios, abre novo prazo de parcelamento especial de débitos dos Municípios com seus regimes próprios de previdência social e com o Regime Geral de Previdência Social e dá outras providências."
204431,2525584,EMC,8,0,"Emenda à PEC 66/2023, que Institui limite para o pagamento de precatórios pelos Municípios, abre novo prazo de parcelamento especial de débitos dos Municípios com seus regimes próprios de previdência social e com o Regime Geral de Previdência Social e dá outras providências."
204431,2525033,EMC,3,0,"Acrescenta o § 18 ao art. 165 da Constituição Federal para estabelecer regime orçamentário específico, com execução obrigatória, das despesas com precatórios e requisições de pequeno valor da União, promovendo maior transparência no seu cumprimento."
204431,2511045,EMP,1,0,"Cria a Carreira de Desenvolvimento Socioeconômico, a Carreira de Desenvolvimento das Políticas de Justiça e Defesa e a Carreira de Fiscalização da Comissão de Valores Mobiliários, altera a remuneração de servidores e empregados públicos do Poder Executivo federal, altera a remuneração de cargos em comissão, de funções de confiança e de gratificações do Poder Executivo federal, reestrutura cargos efetivos, planos de cargos e carreiras, padroniza e unifica regras de incorporação de gratificações de desempenho, altera as regras do Sistema de Desenvolvimento na Carreira, transforma cargos efetivos vagos em outros cargos efetivos, em cargos em comissão e em funções de confiança, altera a regra de designação dos membros dos conselhos deliberativos e fiscais das entidades fechadas de previdência complementar e dá outras providências."
204431,2487198,PL,1022,2025,"Altera o Código de Trânsito Brasileiro para tipificar como crime a prática de manobras perigosas, como o ‘grau’ e outros malabarismos sobre motocicletas, bem como a participação em “rachas”, estabelecendo pena de reclusão de 2 (dois) a 4 (quatro) anos e a perda do veículo, que poderá ser destinado ao uso do Estado. Também prevê punição para a divulgação de imagens ou vídeos que incentivem tais condutas, criminalizando a difusão desses materiais na internet ou em redes sociais"
204431,2475514,RPD,3,0,Requerimento de Retirada de Matéria da Pauta - PL 4168/2019
204431,2448433,REQ,2564,2024,Requer nos termos regimentais a criação da Frente Parlamentar ESG na Prática do Congresso Nacional (FPESG).
204431,2432065,RPD,2,0,Requerimento de Retirada de Matéria da Pauta - PL 4168/2019
204431,2430660,PRL,2,0,"Parecer do Relator, Dep. Marcos Aurélio Sampaio (PSD-PI), pela aprovação."
204431,2429665,REQ,1353,2024,"Requer nos termos regimentais a criação da Frente Parlamentar da Influência Digital, no âmbito do Congresso Nacional (FRENID)."
204431,2419252,PEC,6,2024,"Altera o inciso X do § 22 e insere o § 21-A no art. 40 da Constituição, altera o art. 11 da Emenda Constitucional nº 103, de 12 de novembro de 2019 e revoga os §§ 1º-A, 1º-B e 1º-C do art. 149 da Constituição e o § 8º do art. 9º da Emenda Constitucional nº 103, de 2019."
204431,2406997,PRL,1,0,"Parecer do Relator, Dep. Marcos Aurélio Sampaio (PSD-PI), pela aprovação."
204431,2389644,REQ,3255,2023,Requer o registro da Frente Parlamentar Mista de Apoio ao Mercado Imobiliário.
204431,2388742,PRL,1,0,"Parecer do Relator, Dep. Marcos Aurélio Sampaio (PSD-PI), pela aprovação."
204431,2385989,REQ,2924,2023,Requer o registro da Frente Parlamentar Mista em Defesa da Exploração de Petróleo na Margem Equatorial do Brasil.
204431,2377556,REQ,2456,2023,Requer inclusão de assinatura de adesão a Frente Parlamentar em Defesa das Zonas de Processamento de Exportação – ZPE.
204431,2372982,PL,3452,2023,Dispõe sobre conceito e incentivos ao uso energético do hidrogênio no Brasil.
204431,2371565,REQ,2104,2023,Requer a criação da Frente Parlamentar Mista BRASIL PORTUGAL.
204431,2365700,REQ,1775,2023,Requer o registro da Frente Parlamentar Mista de Apoio às Rádios Comunitárias
204431,2365244,REQ,1752,2023,Requer o registro da FRENTE PARLAMENTAR MISTA EM DEFESA DAS RADIOS COMUNITÁRIAS.
204431,2365068,REQ,1732,2023,Requer o registro  da Frente Parlamentar Mista das profissões do Sistema Confea/Crea e Mútua.
204431,2361500,PEC,23,2023,"Acrescenta o artigo 135-A e Seção V ao Capítulo IV, Das Funções Essenciais à Justiça e altera o disposto no § 4-B do art. 40 todos da Constituição Federal."
204431,2357036,REQ,1234,2023,Requer o registro da FRENTE PARLAMENTAR DO SERVIÇO NOTARIAL E REGISTRAL.
204431,2356863,REQ,1225,2023,"Requer a criação institucional, no âmbito da Câmara dos Deputados, da Frente Parlamentar Mista em Defesa do Profissional Nutricionista."
204431,2354799,REQ,1037,2023,Requer o registro da Frente Parlamentar em Defesa dos Oficiais de Justiça.
204431,2352549,REQ,859,2023,Requer o registro da Frente Parlamentar  Mista em Defesa Comercio Internacional e do Investimento – Frencomex.
204431,2352476,PEC,9,2023,"Altera a Emenda Constitucional nº 117, de 5 de abril de 2022, quanto à aplicação de sanções aos partidos que não preencheram a cota mínima de recursos ou que não destinaram os valores mínimos em razão de sexo e raça em eleições, bem como nas prestações de contas anuais e eleitorais.  NOVA EMENTA: Impõe aos partidos políticos a obrigatoriedade da aplicação de recursos financeiros para as candidaturas de pessoas pretas e pardas; estabelece parâmetros e condições para regularização e refinanciamento de débitos de partidos políticos; e reforça a imunidade tributária dos partidos políticos conforme previsto na Constituição Federal."
204431,2351807,REQ,735,2023,Requer urgência para apreciação do Projeto de Lei nº 10.286/2018
204431,2351706,DOC,135,2023,Requer a reinstalação do Grupo Parlamentar Brasil/Portugal.
204431,2351700,REQ,724,2023,"Requer o registro da Frente Parlamentar de Apoio as Santas Casas, Hospitais e Entidades Filantrópicas."
204431,2351248,REQ,645,2023,"Requer a realização de sessão solene, no plenário da Câmara dos Deputados, em comemoração ao Dia do Piauí."
204431,2348209,REQ,95,2023,Requer o registro da Frente Parlamentar Mista em Defesa do Turismo - Frentur.
204431,2340897,PRL,2,0,"Parecer do Relator, Dep. Marcos Aurélio Sampaio (PSD-PI), pela aprovação."
204431,2338861,PRL,1,0,"Parecer do Relator, Dep. Marcos Aurélio Sampaio (PSD-PI), pela aprovação."
204431,2338820,PRL,1,0,"Parecer do Relator, Dep. Marcos Aurélio Sampaio (PSD-PI), pela rejeição deste e do PL nº 738/2021, apensado."
204431,2336656,SOR,20,2022,Construção de Trecho Rodoviário - Divisa BA/PI - Divisa PI/MA - na BR-235/PI  Valor: R$ 120.000.000
188097,2645040,REQ,4152,2026,"Requer a inclusão de coautoria ao Projeto de Lei nº 2.478, de 2026."
188097,2644734,REQ,4125,2026,Requer a criação da Frente Parlamentar Mista pela Integração Continental e Desenvolvimento Sul-Americano
188097,2643776,PL,5076,2026,"Institui a Lei de Proteção da Soberania Econômica Nacional contra a Aplicação Extraterritorial de Medidas Estrangeiras, dispõe sobre a proteção das pessoas submetidas à jurisdição brasileira contra medidas coercitivas unilaterais incompatíveis com o ordenamento jurídico nacional, e dá outras providências."
188097,2643283,PL,5042,2026,"Determina que as despesas de capital e parcela das despesas custeadas com receitas próprias de autarquias federais não sejam alcançadas pelo mecanismo de limitação de empenho e movimentação financeira previsto na LRF, e não sejam incluídas na base de cálculo e nos limites estabelecidos no Novo Arcabouço Fiscal para as despesas primárias do Governo Federal."
188097,2641582,PL,4784,2026,"Dispõe sobre a criação e o funcionamento de Cooperativas Solidárias, visando a promoção social da cidadania, da organização coletiva mutualista e dos direitos fundamentais de vida digna, conforme especifica."
188097,2637237,PL,3479,2026,"Estabelece o marco legal do Registro Nacional de Beneficiários Finais, dispõe sobre a integração, atualização, verificação, interoperabilidade e acesso às informações relativas aos beneficiários finais de pessoas jurídicas e estruturas legais, e fortalece os mecanismos de prevenção à lavagem de dinheiro, corrupção, evasão fiscal, ocultação patrimonial e infiltração da criminaliza organizada na economia formal."
188097,2634446,SBT,2,0,"Parecer do Relator, Dep. Merlong Solano (PT-PI), pela não implicação da matéria em aumento ou diminuição da receita ou da despesa públicas, não cabendo pronunciamento quanto à adequação financeira e orçamentária do PL 5.663/2016, do PL 14/2020, apensado, e do substitutivo adotado pela Comissão de Desenvolvimento Urbano; e, no mérito, pela aprovação do PL 5.663/2016,  pela rejeição do PL 14/2020, apensado, e pela rejeição do Substitutivo da CDU, com substitutivo."
188097,2631190,PEC,13,2026,"Altera o art. 9º da Emenda Constitucional nº 132, de 20 de dezembro de 2023, para permitir a concessão de créditos do Imposto sobre Bens e Serviços através de fomento indireto a doadores e patrocinadores de projetos culturais e esportivos."
188097,2631185,CVO,1,0,"Parecer com Complementação de Voto, Dep. Merlong Solano (PT-PI), pela não implicação da matéria em aumento ou diminuição da receita ou da despesa públicas, não cabendo pronunciamento quanto à adequação financeira e orçamentária do PL 5663/16, do PL 14/20, apensado, e do Substitutivo da Comissão de Desenvolvimento Urbano - CDU; e, no mérito, pela aprovação do PL 5663/16, do PL 14/20, apensado, e pela rejeição do Substitutivo da CDU, com substitutivo."
188097,2630705,RDF,1,0,Redação Final ao PL 1625/2026
188097,2630662,SBT,1,0,"Dispõe sobre incentivos de crédito para mulheres do campo que exerçam atividade microempreendedora, e dá outras providências."
188097,2630659,PRL,1,0,"Parecer do Relator, Dep. Merlong Solano (PT-PI), pela não implicação da matéria em aumento ou diminuição da receita ou da despesa públicas, não cabendo pronunciamento quanto à adequação financeira e orçamentária; e, no mérito, pela aprovação, com substitutivo."
188097,2630649,PL,2954,2026,"Altera a Lei nº 11.350, de 5 de outubro de 2006, para estabelecer protocolos de prevenção e proteção à violência contra os Agentes Comunitários de Saúde e os Agentes de Combate às Endemias."
188097,2629602,REQ,3266,2026,"Requer dispensa de interstício para a inclusão da Redação Final ao Projeto de Lei nº 3.801, de 2004, na Ordem do Dia de sessão plenária."
188097,2628692,REQ,3230,2026,"Requer dispensa de interstício entre o primeiro e o segundo turnos de deliberação da Proposta de Emenda à Constituição nº 221, de 2019."
188097,2628423,REQ,3223,2026,"Requer dispensa de interstício para a inclusão da Proposta de Emenda à Constituição nº 221, de 2019, na Ordem do Dia de sessão plenária."
188097,2628204,SBT,1,0,"Altera a Lei nº 11.977, de 2009, para prever a modalidade de locação social de imóveis urbanos no âmbito do Programa Minha Casa, Minha Vida."
188097,2628191,PRL,2,0,"Parecer do Relator, Dep. Merlong Solano (PT-PI), pela não implicação da matéria em aumento ou diminuição da receita ou da despesa públicas, não cabendo pronunciamento quanto à adequação financeira e orçamentária do PL 5663/16, do PL 14/20, apensado, e do Substitutivo da Comissão de Desenvolvimento Urbano - CDU; e, no mérito, pela aprovação do PL 5663/16, e do PL 14/20, apensado, e pela rejeição do Substitutivo da CDU, com substitutivo."
188097,2626727,SSP,1,0,
188097,2626724,PEP,1,0,"Parecer às Emendas de Plenário proferido pelo Relator, Dep. Merlong Solano (PT-PI) pela: • Comissão de Defesa do Consumidor, que conclui pela aprovação das emendas nºs 1 a 4, na forma da Subemenda Substitutiva adotada. • Comissão de Constituição e Justiça e de Cidadania, que conclui pela constitucionalidade, juridicidade e boa técnica legislativa; e, no mérito, pela aprovação das emendas nºs 1 a 4, na forma da Subemenda Substitutiva adotada pelo relator da Comissão de Defesa do Consumidor."
188097,2626655,PPP,1,0,"Parecer proferido em Plenário pelo Relator, Dep. Merlong Solano (PT-PI) pela: • Comissão de Defesa do Consumidor, que conclui pela aprovação do Projeto de Lei nº 1.625, de 2026. • Comissão de Constituição e Justiça e de Cidadania, que conclui pela constitucionalidade, juridicidade e boa técnica; e, no mérito, pela aprovação do Projeto de Lei nº 1.625, de 2026."
188097,2626488,PRLE,2,0,"Altera a Lei nº 8.137, de 27 de dezembro de 1990, para tipificar a conduta de elevar, sem justa causa, o preço dos bens de utilidade pública de que trata o art. 1º, § 1º, da Lei nº 9.847, de 26 de outubro de 1999, e dá outras providências."
188097,2626487,REQ,3033,2026,Requer a coautoria do Projeto de Lei nº 2054 de 2026 que “Institui a Política Nacional dos Direitos das Pessoas LGBTQIA+ e dá outras providências”.
188097,2625910,PRLE,1,0,"Altera a Lei nº 8.137, de 27 de dezembro de 1990, para tipificar a conduta de elevar, sem justa causa, o preço dos bens de utilidade pública de que trata o art. 1º, § 1º, da Lei nº 9.847, de 26 de outubro de 1999, e dá outras providências."
188097,2625688,SBR,2,0,Cria o Fundo Nacional de Combate ao Câncer e de Assistência a Portadores (FNCCAP) e dá outras providências.
188097,2625677,PRL,2,0,"Parecer do Relator, Dep. Merlong Solano (PT-PI), pela não implicação da matéria em aumento ou diminuição da receita ou da despesa públicas, não cabendo pronunciamento quanto à adequação financeira e orçamentária do PL 244/2019, do PL 252/2019, apensado e do Substitutivo adotado pela Comissão de Saúde, com subemenda substitutiva; e, no mérito, pela aprovação do  PL 244/2019, do PL 252/2019, apensado, e do Substitutivo adotado CSAUDE,com Subemenda substitutiva."
188097,2623462,REC,11,2026,"Recurso contra a tramitação conclusiva do Projeto de Lei nº 4.262/2023, que “Altera a Lei nº 5.517, de 23 de outubro de 1968, para instituir o Exame de Habilitação Profissional em Medicina Veterinária.”"
188097,2622204,REQ,2668,2026,"Requer a inclusão na Ordem do Dia do Plenário para votação imediata do Projeto de Lei Complementar nº 185/2024, que “Regulamenta a aposentadoria especial dos agentes comunitários de saúde e dos agentes de combate às endemias, prevista no § 10 do art. 198 da Constituição Federal."
188097,2619389,SBR,1,0,Cria o Fundo Nacional de Combate ao Câncer e de Assistência a Portadores (FNCCAP) e dá outras providências.
188097,2619377,PRL,1,0,"Parecer do Relator, Dep. Merlong Solano (PT-PI), pela não implicação da matéria em aumento ou diminuição da receita ou da despesa públicas, não cabendo pronunciamento quanto à adequação financeira e orçamentária do PL 244/19, do PL 252/19, apensado, e do substitutivo adotado pela Comissão de Saúde - CSAUDE; e, no mérito, pela aprovação do PL 244/19, do PL 252/19, apensado, na forma do substitutivo adotado pela CSAUDE, com subemenda."
188097,2619274,PL,2054,2026,Institui a Política Nacional dos Direitos das Pessoas LGBTQIA+ e dá outras providências.
188097,2618677,PRLP,1,0,"Altera a Lei nº 8.137, de 27 de dezembro de 1990, para tipificar a conduta de elevar, sem justa causa, o preço dos bens de utilidade pública de que trata o art. 1º, § 1º, da Lei nº 9.847, de 26 de outubro de 1999, e dá outras providências."
188097,2617166,RCP,2,2026,"Requer, nos termos do § 3º do art. 58 da Constituição Federal e dos arts. 35, 36 e 37, do Regimento Interno da Câmara dos Deputados, a criação de Comissão Parlamentar de Inquérito, com a finalidade de investigar a prática de atos de crueldade contra animais e as circunstâncias que envolveram a morte do Cão Orelha, ocorrida em Florianópolis/SC, em 2026."
188097,2617164,REC,7,2026,"Recurso contra a tramitação conclusiva do Projeto de Lei nº 580/2023, que “submete a desconstituição da coisa julgada tributária, contrária à decisão proferida em controle concentrado ou em sede de repercussão geral, à ação rescisória”."
188097,2616663,PL,1853,2026,"Autoriza a União a instituir empresa estatal, ou subsidiária de sociedade de economia mista federal, para atuar na distribuição de combustíveis, biocombustíveis e gás liquefeito de petróleo (GLP), autoriza a recomposição da presença pública em ativos estratégicos do abastecimento nacional, e estabelece diretrizes para a soberania energética, a segurança do abastecimento, a modicidade de preços e a defesa do consumidor."
188097,2616129,PRL,1,0,"Parecer do Relator, Dep. Merlong Solano (PT-PI), pela não implicação da matéria em aumento ou diminuição da receita ou da despesa públicas, não cabendo pronunciamento quanto à adequação financeira e orçamentária do PL 311/2024, na forma do Substitutivo da Comissão de Defesa dos Direitos das Pessoas com Deficiência."
188097,2615935,PL,1808,2026,"Proíbe a exploração, a oferta, a promoção e a facilitação de apostas de quota fixa em todo o território nacional, revoga dispositivos das Leis nº 13.756, de 12 de dezembro de 2018, e nº 14.790, de 29 de dezembro de 2023, estabelece medidas de bloqueio de acesso, remoção de aplicações, interrupção de fluxos financeiros, responsabilização de intermediários e proteção de conteúdos de interesse público, e dá outras providências."
188097,2615742,PRL,1,0,"Parecer do Relator, Dep. Merlong Solano (PT-PI), pela não implicação da matéria em aumento ou diminuição da receita ou da despesa públicas, não cabendo pronunciamento quanto à adequação financeira e orçamentária do PL 5.663/2016, do PL 14/2020, apensado, e do substitutivo adotado pela Comissão de Desenvolvimento Urbano; e, no mérito, pela aprovação do PL 5.663/2016,  pela rejeição do PL 14/2020, apensado, e pela rejeição do Substitutivo da CDU, com substitutivo."
188097,2615287,PL,1754,2026,"Institui a TerraBras, empresa pública destinada à defesa da soberania nacional e ao aproveitamento dos minerais críticos ou estratégicos; estabelece o regime de partilha da produção mineral; altera o Decreto-Lei nº 227, de 28 de fevereiro de 1967, a Lei nº 8.970, de 28 de dezembro de 1994, e a Lei nº 13.575, de 26 de dezembro de 2017; e dá outras providências."
188097,2612861,PL,1537,2026,"Dispõe sobre o reconhecimento, valorização, proteção previdenciária e salvaguarda do ofício, saberes e práticas das parteiras tradicionais como atividade essencial à reprodução social, cultural e comunitária, e dá outras providências, nos termos da Constituição Federal."
188097,2612368,PL,1438,2026,"Altera a Lei nº 14.300, de 6 de janeiro de 2022, que institui o marco legal da microgeração e minigeração distribuída, o Sistema de Compensação de Energia Elétrica (SCEE) e o Programa de Energia Renovável Social (PERS), para garantir a isenção do pagamento de componentes tarifárias pelo uso da rede elétrica por consumidores-geradores de energia solar e outras fontes renováveis."
188097,2610925,REQ,4,2026,"Requer, ouvido o Plenário, a realização de mesa redonda semanal ou eventos afins para discussão da pauta e assuntos afetos à Comissão de Finanças e Tributação."
188097,2610769,REQ,2,2026,"Requer a realização de audiência pública, na Comissão de Finanças e Tributação, para debater as recentes oscilações e repasses nos preços da gasolina e do óleo diesel, a transparência da formação de preços, a fiscalização de eventuais abusos e as medidas em curso para mitigação de impactos econômicos."
188097,2610767,REQ,1,2026,Requer a realização de audiência pública para avaliar a estrutura legal brasileira destinada ao enfrentamento de fraudes financeiras e à mitigação de riscos sistêmicos no âmbito do Sistema Financeiro Nacional
188097,2609679,EMP,20,0,"Emenda com o objetivo de assegurar transparência, controle institucional e acompanhamento parlamentar das medidas de resolução e supervisão do sistema financeiro nacional."
188097,2608574,PL,1138,2026,"Institui a Política Nacional de Programas e Grupos Reflexivos sobre Masculinidades, Prevenção da Violência e Cultura de Paz, estabelece seus princípios, objetivos e diretrizes, e dá outras providências"
188097,2608258,REQ,1382,2026,"Requer a coautoria do Projeto de Lei nº 1006 de 2026 que “Tipifica a promoção de misoginia e a incitação à violência ou discriminação contra mulheres, inclusive pela organização e propagação de ideologias ou teorias misóginas, inclusive as associadas a comunidades conhecidas como “red pill”, “incel”, “MGTOW” ou denominações equivalentes"
188097,2607733,REQ,1355,2026,Requer o registro da Frente Parlamentar em Defesa da Política Nacional de Plantas Medicinais e Fitoterápicos
188097,2607439,PL,1006,2026,"Tipifica a promoção de misoginia e a incitação à violência ou discriminação contra mulheres, inclusive pela organização e propagação de ideologias ou teorias misóginas, inclusive as associadas a comunidades conhecidas como “red pill”, “incel”, “MGTOW” ou denominações equivalentes."
188097,2607156,PL,965,2026,"Institui a Lei Cidade Segura para Mulheres. Altera a Lei nº 10.257, de 10 de julho de 2001 (Estatuto da Cidade), para incluir, entre as diretrizes gerais da política urbana, a segurança urbana em perspectiva cidadã, com prioridade para a proteção das mulheres e de outros grupos em situação de vulnerabilidade; para prever a promoção de cidades seguras para as mulheres como conteúdo a ser incorporado ao plano diretor; para instituir a auditoria urbana de segurança cidadã como instrumento de planejamento, desenho e gestão dos espaços urbanos. Estabelece medidas de apoio técnico e financeiro, produção de informações e indução federativa pela União."
